Plant ID;Excedance Probability;Forcast Type;January;February;March;April;May;June;July;August;September;October;November;December;Scenario;Source
ALLA;P50;Generation;3357384000.0;1989186880.0;2208805250.0;2564738500.0;1754422380.0;1572669250.0;1691313750.0;1739276380.0;1608010120.0;2188610500.0;1938699880.0;2627847000.0;Management Case;RDL 2023
ALLA;P75;Generation;3087160010.0;1829084250.0;2031026310.0;2358311750.0;1613215120.0;1446090650.0;1555185880.0;1599288160.0;1478587060.0;2012456970.0;1782660770.0;2416340870.0;Management Case;RDL 2023
ALVI;P50;Generation;5203997500.0;4558796000.0;4681243000.0;3367292500.0;3503868000.0;2919890000.0;3155365000.0;2966985000.0;3061175000.0;4040751000.0;4568215000.0;5067422000.0;Management Case;RDL 2023
AMEL;P50;Generation;2702914000.0;2607916250.0;2386254750.0;1633057750.0;1499608380.0;1219138620.0;1359373500.0;1286994250.0;1377468380.0;1911265620.0;2037929380.0;2596607000.0;Management Case;RDL 2023
AMEL;P75;Generation;2607370410.0;2515730670.0;2301904540.0;1575331830.0;1446599670.0;1176044060.0;1311321870.0;1241501110.0;1328777120.0;1843705500.0;1965891910.0;2504821190.0;Management Case;RDL 2023
ANPA;P50;Generation;2485600.0;2342200.0;2461700.0;2007600.0;1792500.0;1457900.0;1362300.0;1362300.0;1649100.0;2151000.0;2318300.0;2509500.0;Management Case;RDL 2023
AUCO;P50;Generation;2784450000.0;2887035000.0;2245146000.0;2889966000.0;2089803000.0;2028252000.0;2467902000.0;1902219000.0;2107389000.0;2379972000.0;2954448000.0;2573418000.0;Management Case;RDL 2023
AUCO;P75;Generation;2537910160.0;2631412110.0;2046357030.0;2634083590.0;1904768360.0;1848667190.0;2249389840.0;1733793360.0;1920797270.0;2169245310.0;2692856250.0;2345563280.0;Management Case;RDL 2023
AUM3;P50;Generation;3364590500.0;2982097000.0;2934708250.0;2741769000.0;2853470750.0;2179875500.0;2792542500.0;2900859250.0;2257728250.0;2667301250.0;3266428500.0;2904244250.0;Management Case;RDL 2023
AUM3;P75;Generation;3080387270.0;2730202570.0;2686816700.0;2510174810.0;2612441240.0;1995743830.0;2556659530.0;2655826890.0;2067020450.0;2441997270.0;2990516910.0;2658925960.0;Management Case;RDL 2023
AUQB;P50;Generation;2289200000.0;2265600000.0;1935200000.0;2147600000.0;1888000000.0;1557600000.0;1888000000.0;2006000000.0;1604800000.0;1911600000.0;2147600000.0;1958800000.0;Management Case;RDL 2023
AUQB;P75;Generation;2201900000.0;2179200000.0;1861400000.0;2065700000.0;1816000000.0;1498200000.0;1816000000.0;1929500000.0;1543600000.0;1838700000.0;2065700000.0;1884100000.0;Management Case;RDL 2023
BAMB;P50;Generation;2283120000.0;1884480000.0;1956960000.0;1340880000.0;1214040000.0;960360000.0;960360000.0;960360000.0;1105320000.0;1576440000.0;1739520000.0;2138160000.0;Management Case;RDL 2023
BAMB;P75;Generation;2200117500.0;1815970000.0;1885815000.0;1292132500.0;1169903750.0;925446250.0;925446250.0;925446250.0;1065136250.0;1519128750.0;1676280000.0;2060427500.0;Management Case;RDL 2023
BARB;P50;Generation;1955151000.0;1815319000.0;2397120000.0;2664299000.0;2429581000.0;1752894000.0;1530661000.0;1408308000.0;1975127000.0;2529461000.0;2576904000.0;1935175000.0;Management Case;RDL 2023
BARB;P75;Generation;1803322410.0;1674349160.0;2210970000.0;2457401030.0;2240910220.0;1616771810.0;1411796470.0;1298944880.0;1821747160.0;2333033970.0;2376792750.0;1784897660.0;Management Case;RDL 2023
BARM;P50;Generation;4028328000.0;3220242000.0;3406561000.0;2339712000.0;2209126000.0;2024940000.0;1900469000.0;2312117000.0;2301601000.0;2715070000.0;3343959000.0;3897876000.0;Management Case;RDL 2023
BDBS;P50;Generation;4523400000.0;3984900000.0;3661800000.0;2584800000.0;2441200000.0;1830900000.0;1938600000.0;1902700000.0;1938600000.0;2979700000.0;3338700000.0;4702900000.0;Management Case;RDL 2023
BDBS;P75;Generation;4082400000.0;3596400000.0;3304800000.0;2332800000.0;2203200000.0;1652400000.0;1749600000.0;1717200000.0;1749600000.0;2689200000.0;3013200000.0;4244400000.0;Management Case;RDL 2023
BECK;P50;Generation;6565368000.0;5585867000.0;5344832000.0;4163669000.0;3968729000.0;2774121000.0;2714582000.0;3484740000.0;4331720000.0;5077870000.0;5545534000.0;6042968000.0;Management Case;RDL 2023
BFHE;P50;Generation;3557900000.0;2733000000.0;2908600000.0;2121000000.0;1826100000.0;1361500000.0;1440200000.0;1744100000.0;2350400000.0;2675800000.0;3035300000.0;3465900000.0;Management Case;RDL 2023
BFHI;P50;Generation;8632565000.0;7830975000.0;7327524000.0;6096201000.0;5815504000.0;4272890000.0;4367876000.0;5749255000.0;6845954000.0;7627941000.0;7580872000.0;10152443000.0;Management Case;RDL 2023
BICK;P50;Generation;5462335000.0;5202374000.0;4859644000.0;3909998000.0;3788345000.0;3091657000.0;2841772000.0;3764629000.0;4043507000.0;4746118000.0;5296262000.0;6176359000.0;Management Case;RDL 2023
BLYT;P50;Generation;17672107000.0;15836493000.0;14448095000.0;11733629000.0;11133704000.0;9209270000.0;9262250000.0;10966972000.0;12654553000.0;14036718000.0;16070230000.0;16825979000.0;Management Case;RDL 2023
BOUS;P50;Generation;1757223500.0;1695541380.0;1536315500.0;1019906880.0;932404310.0;741620060.0;834860500.0;786088560.0;849205190.0;1209256750.0;1299628250.0;1682631250.0;Management Case;RDL 2023
BOUS;P75;Generation;1695154960.0;1635651570.0;1482049860.0;983881790.0;899469980.0;715424600.0;805371610.0;758322390.0;819209620.0;1166543460.0;1253722860.0;1623197450.0;Management Case;RDL 2023
BRHI;P50;Generation;2362235000.0;1913277000.0;1795827000.0;1319128000.0;1251194000.0;907211000.0;970277000.0;1313976000.0;1424333000.0;1729749000.0;2005917000.0;2506876000.0;Management Case;RDL 2023
BRIY;P50;Generation;1505029620.0;1381789000.0;1285935120.0;903764690.0;855215310.0;629896560.0;730729810.0;682180500.0;781768880.0;1107920880.0;1219957750.0;1364361000.0;Management Case;RDL 2023
BRIY;P75;Generation;1450920940.0;1332111060.0;1239703310.0;871272630.0;824468690.0;607250580.0;704458680.0;657654810.0;753662800.0;1068089020.0;1176097950.0;1315309630.0;Management Case;RDL 2023
BURN;P50;Generation;7000530000.0;6484936000.0;6582166000.0;5194090000.0;4392743000.0;3791041000.0;3721583000.0;4495761000.0;5438901000.0;6210107000.0;6175273000.0;7212868000.0;Management Case;RDL 2023
BVER;P50;Generation;2565539000.0;2541562000.0;2205884000.0;1918160000.0;2325769000.0;1606459000.0;1654413000.0;1390666000.0;1534528000.0;1750321000.0;2445654000.0;2038045000.0;Management Case;RDL 2023
BVER;P75;Generation;2565539000.0;2541562000.0;2205884000.0;1918160000.0;2325769000.0;1606459000.0;1654413000.0;1390666000.0;1534528000.0;1750321000.0;2445654000.0;2038045000.0;Management Case;RDL 2023
BVER;P90;Generation;2097949000.0;2078342000.0;1803844000.0;1568560000.0;1901879000.0;1313669000.0;1352883000.0;1137206000.0;1254848000.0;1431311000.0;1999914000.0;1666595000.0;Management Case;RDL 2023
BYLE;P50;Generation;1741815000.0;1567324000.0;1223508000.0;947878000.0;1008315000.0;714612000.0;800039000.0;886235000.0;1168590000.0;1154318000.0;1760205000.0;2127161000.0;Management Case;RDL 2023
CAMB;P50;Generation;3041162250.0;3431224250.0;3123802500.0;3411390750.0;2370123250.0;2327150250.0;2733740500.0;2386651250.0;1980061000.0;2039562000.0;3302305500.0;2908937750.0;Management Case;RDL 2023
CAMB;P75;Generation;2883583820.0;3253434680.0;2961942050.0;3234628860.0;2247314840.0;2206568500.0;2592091190.0;2262986440.0;1877463750.0;1933881690.0;3131195880.0;2758210560.0;Management Case;RDL 2023
CARN;P50;Generation;5778308000.0;4881674000.0;4333731000.0;3337471000.0;3536723000.0;2938967000.0;3287658000.0;3237845000.0;3387284000.0;4632609000.0;5031113000.0;5429617000.0;Management Case;RDL 2023
CARN;P75;Generation;5278467630.0;4459395060.0;3958850720.0;3048770090.0;3230786220.0;2684737840.0;3003266060.0;2957762030.0;3094274130.0;4231874910.0;4595907160.0;4959939410.0;Management Case;RDL 2023
CASH;P50;Generation;4046548750.0;3237239000.0;2360486750.0;3338402750.0;2259323000.0;2326765500.0;2731420250.0;1922110620.0;2832584000.0;2697699000.0;2933747750.0;3034911500.0;Management Case;RDL 2023
CASH;P75;Generation;3615073510.0;2892058810.0;2108792859.9999998;2982435670.0;2018415990.0;2078667240.0;2440174480.0;1717159880.0;2530551340.0;2410048860.0;2620928210.0;2711305070.0;Management Case;RDL 2023
CDBO;P50;Generation;6098613000.0;5617552000.0;4650257000.0;5141663500.0;3910561000.0;3207074000.0;3207074000.0;2529450250.0;3439845500.0;4153678000.0;3910561000.0;5860669000.0;Management Case;RDL 2023
CDBO;P75;Generation;5589583510.0;5148674960.0;4262116620.0;4712507180.0;3584160410.0;2939390970.0;2939390970.0;2318326050.0;3152733860.0;3806985300.0;3584160410.0;5371499850.0;Management Case;RDL 2023
CEFF;P50;Generation;2625876000.0;2410194000.0;1913916000.0;1813404000.0;1390416000.0;1101444000.0;1093068000.0;965334000.0;1308750000.0;1886694000.0;1913916000.0;2516988000.0;Management Case;RDL 2023
CEFF;P75;Generation;2625876000.0;2410194000.0;1913916000.0;1813404000.0;1390416000.0;1101444000.0;1093068000.0;965334000.0;1308750000.0;1886694000.0;1913916000.0;2516988000.0;Management Case;RDL 2023
CEFF;P90;Generation;2457840000.0;2255960000.0;1791440000.0;1697360000.0;1301440000.0;1030960000.0;1023120000.0;903560000.0;1225000000.0;1765960000.0;1791440000.0;2355920000.0;Management Case;RDL 2023
CHAA;P50;Generation;4073164950.0;4169763940.0;4209481429.9999995;4453211110.0;5805094130.0;6651906330.0;6417668630.0;6376256860.0;3563640780.0;5268292030.0;4703281290.0;4299110080.0;Management Case;RDL 2023
CHAA;P90;Generation;3559208600.0;3643618620.0;3678324520.0;3891300130.0;5072601080.0;5812561610.0;5607880270.0;5571693880.0;4968022100.0;4651486720.0;4152626760.0;3795775430.0;Management Case;RDL 2023
CHAB;P50;Generation;17210858000.0;14707460000.0;14238073000.0;14707460000.0;12516987000.0;10482977000.0;10795902000.0;8918353000.0;10952364000.0;13142837000.0;12204063000.0;16585008000.0;Management Case;RDL 2023
CHAB;P75;Generation;16060000350.0;13723999860.0;13285999890.0;13723999860.0;11679999660.0;9782000080.0;10074000380.0;8321999540.0;10220000060.0;12264000250.0;11388000300.0;15475999760.0;Management Case;RDL 2023
CHPI;P50;Generation;17960400000.0;15299600000.0;16630000000.0;13304000000.0;12638800000.0;10310600000.0;11474700000.0;11142100000.0;10643200000.0;14135500000.0;14800700000.0;17794100000.0;Management Case;RDL 2023
CHPI;P75;Generation;16468650000.0;14028850000.0;15248750000.0;12199000000.0;11589050000.0;9454225000.0;10521637500.0;10216662500.0;9759200000.0;12961437500.0;13571387500.0;16316162500.0;Management Case;RDL 2023
CLA2;P50;Generation;1094400000.0;896400000.0;929700000.0;659700000.0;603000000.0;491400000.0;543600000.0;505800000.0;564300000.0;806400000.0;873000000.0;1032300000.0;Management Case;RDL 2023
CLA2;P75;Generation;997120000.0;816720000.0;847060000.0;601060000.0;549400000.0;447720000.0;495280000.0;460840000.0;514140000.0;734720000.0;795400000.0;940540000.0;Management Case;RDL 2023
CLAN;P50;Generation;3770480000.0;3871475000.0;3299170000.0;2625870000.0;2491210000.0;2019900000.0;2087230000.0;1918905000.0;2120895000.0;2693200000.0;3198175000.0;3568490000.0;Management Case;RDL 2023
CONI;P50;Generation;2566520000.0;3027020000.0;2901150000.0;2793700000.0;2360830000.0;2452930000.0;2652480000.0;2317850000.0;2066110000.0;2142860000.0;2716950000.0;2701600000.0;Management Case;RDL 2023
CONI;P75;Generation;2357648010.0;2780670980.0;2665044700.0;2566339340.0;2168697750.0;2253302350.0;2436612300.0;2129215609.9999998;1897963050.0;1968466880.0;2495835520.0;2481734750.0;Management Case;RDL 2023
CORI;P50;Generation;12755241000.0;10629369000.0;10741257000.0;8839161000.0;7608393000.0;6041961000.0;6377625000.0;7384617000.0;9398601000.0;9398601000.0;11300697000.0;11524473000.0;Management Case;RDL 2023
COUR;P50;Generation;2534828250.0;2465380750.0;2267890000.0;1588608120.0;1460564500.0;1169753750.0;1282605750.0;1217498750.0;1365074380.0;1903291380.0;1998781500.0;2448019000.0;Management Case;RDL 2023
COUR;P75;Generation;2445208070.0;2378215930.0;2187707570.0;1532442050.0;1408925480.0;1128396500.0;1237258550.0;1174453450.0;1316811460.0;1835999520.0;1928113540.0;2361468010.0;Management Case;RDL 2023
CPEX;P50;Generation;5733540000.0;4976280000.0;5300820000.0;4435380000.0;4110840000.0;3407670000.0;3840390000.0;3678120000.0;3732210000.0;4597650000.0;4489470000.0;5787630000.0;Management Case;RDL 2023
CPEX;P75;Generation;5327136000.0;4623552000.0;4925088000.0;4120992000.0;3819456000.0;3166128000.0;3568176000.0;3417408000.0;3467664000.0;4271760000.0;4171248000.0;5377392000.0;Management Case;RDL 2023
CYP1;P50;Generation;66237000000.0;61190000000.0;73148000000.0;65758000000.0;56029000000.0;56479000000.0;55161000000.0;53834000000.0;48456000000.0;43199000000.0;44667000000.0;49263000000.0;Management Case;RDL 2023
CYP2;P50;Generation;1531854940.0;1205407530.0;921674370.0;767129620.0;633046950.0;603261850.0;585928070.0;613559200.0;648708220.0;797183380.0;996312960.0;930479670.0;Management Case;RDL 2023
DEEP;P50;Generation;3593192000.0;3155955000.0;3221670000.0;2635659000.0;2722978000.0;2136541000.0;2021081000.0;2607652000.0;2668159000.0;3280578000.0;3425438000.0;4131097000.0;Management Case;RDL 2023
DEMX;P50;Generation;5467700000.0;4905600000.0;5161100000.0;4088000000.0;3883600000.0;3219300000.0;3270400000.0;3168200000.0;3577000000.0;4496800000.0;4599000000.0;5263300000.0;Management Case;RDL 2023
DEMX;P75;Generation;5114600000.0;4588800000.0;4827800000.0;3824000000.0;3632800000.0;3011400000.0;3059200000.0;2963600000.0;3346000000.0;4206400000.0;4302000000.0;4923400000.0;Management Case;RDL 2023
DORE;P50;Generation;67466460000.0;53998491000.0;53569753000.0;43345426000.0;39102810000.0;32575386000.0;34710293000.0;39722433000.0;46243491000.0;53628450000.0;56401652000.0;62035354000.0;Management Case;RDL 2023
ERIZ;P50;Generation;2362612000.0;2295974250.0;2112215500.0;1476127620.0;1356987380.0;1086397620.0;1189383250.0;1128803500.0;1268137000.0;1770949380.0;1859799750.0;2285877500.0;Management Case;RDL 2023
ERIZ;P75;Generation;2273427000.0;2209304720.0;2032482580.0;1420406050.0;1305763170.0;1045387760.0;1144485840.0;1086192890.0;1220266760.0;1704098740.0;1789595140.0;2199589110.0;Management Case;RDL 2023
ESPS;P50;Generation;5273938500.0;5415204500.0;4614696000.0;3672921500.0;3484566500.0;2825324250.0;2919501750.0;2684058000.0;2966590250.0;3767099000.0;4473430000.0;4991406000.0;Management Case;RDL 2023
ESPS;P75;Generation;4735169010.0;4862003710.0;4143272720.0;3297707030.0;3128593800.0;2536697730.0;2621254350.0;2409862810.0;2663532430.0;3382263650.0;4016438020.0;4481499170.0;Management Case;RDL 2023
FARI;P50;Generation;46077321000.0;40973364000.0;41451764000.0;29629516000.0;26444499000.0;26124047000.0;24226300000.0;28760245000.0;31026553000.0;37229936000.0;40173238000.0;50583216000.0;Management Case;RDL 2023
FAYD;P50;Generation;2404980000.0;2485890000.0;2988090000.0;2625390000.0;2569590000.0;1902780000.0;2042280000.0;1846980000.0;1735380000.0;2488680000.0;2460780000.0;2349180000.0;Management Case;RDL 2023
FAYD;P75;Generation;2232580000.0;2307690000.0;2773890000.0;2437190000.0;2385390000.0;1766380000.0;1895880000.0;1714580000.0;1610980000.0;2310280000.0;2284380000.0;2180780000.0;Management Case;RDL 2023
FAYD;P90;Generation;2086040000.0;2156220000.0;2591820000.0;2277220000.0;2228820000.0;1650440000.0;1771440000.0;1602040000.0;1505240000.0;2158640000.0;2134440000.0;2037640000.0;Management Case;RDL 2023
FECA;P50;Generation;1230500000.0;1230500000.0;931500000.0;920000000.0;805000000.0;713000000.0;759000000.0;690000000.0;885500000.0;1092500000.0;1115500000.0;1127000000.0;Management Case;RDL 2023
FECA;P75;Generation;1187700000.0;1187700000.0;899100000.0;888000000.0;777000000.0;688200000.0;732600000.0;666000000.0;854700000.0;1054500000.0;1076700000.0;1087800000.0;Management Case;RDL 2023
FFLD;P50;Generation;1534521000.0;1194787000.0;1136862000.0;974408000.0;943058000.0;808900000.0;708587000.0;973404000.0;1054570000.0;1177853000.0;1282213000.0;1710838000.0;Management Case;RDL 2023
FIEN;P50;Generation;3165069250.0;2931463750.0;2247740250.0;2478497000.0;2008437250.0;2008437250.0;2019832620.0;1606749750.0;1988495250.0;2777626000.0;2467101500.0;2789021250.0;Management Case;RDL 2023
FIEN;P75;Generation;2886378110.0;2673342080.0;2049821900.0;2260260020.0;1831590040.0;1831590040.0;1841982020.0;1465271990.0;1813403980.0;2533050070.0;2249867920.0;2543441940.0;Management Case;RDL 2023
FITO;P50;Generation;2813709750.0;2819734750.0;2816722250.0;2663083000.0;2407017250.0;2295553250.0;2385929500.0;2172039250.0;2051537880.0;2361829250.0;2548606500.0;2789609500.0;Management Case;RDL 2023
FITO;P75;Generation;2711588810.0;2717395130.0;2714491970.0;2566428910.0;2319656830.0;2212238310.0;2299334440.0;2093207130.0;1977079250.0;2276108880.0;2456107230.0;2688363250.0;Management Case;RDL 2023
FOGU;P50;Generation;3524937000.0;3164168800.0;3309800000.0;2568404800.0;2545236200.0;2167919000.0;2260593400.0;2177848400.0;2300311000.0;2743824200.0;2968890600.0;3366066600.0;Management Case;RDL 2023
FRA1;P50;Generation;846291620.0;890254810.0;1083692880.0;916632750.0;946307880.0;827607250.0;856183310.0;938614310.0;805625620.0;964992250.0;1072702120.0000001;844093440.0;Management Case;RDL 2023
FRA1;P75;Generation;757472700.0;796821920.0;969958520.0;820431470.0;846992180.0;740749260.0;766326250.0;840106050.0;721074620.0;863715610.0;960121250.0;755505220.0;Management Case;RDL 2023
FRA2;P50;Generation;2115729000.0;2225637000.0;2709232250.0;2291581750.0;2365769750.0;2069018120.0;2140458250.0;2346535750.0;2014064120.0;2412480500.0;2681755250.0;2110233500.0;Management Case;RDL 2023
FRA2;P75;Generation;1893681690.0;1992054770.0;2424896340.0;2051078570.0;2117480480.0;1851873150.0;1915815590.0;2100265109.9999998;1802686620.0;2159288910.0;2400303070.0;1888762950.0;Management Case;RDL 2023
GLM2;P50;Generation;2800377000.0;2584322000.0;2554840000.0;1742447000.0;1628428000.0;1397221000.0;1240831000.0;1585185000.0;1451452000.0;2186318000.0;2254969000.0;2973611000.0;Management Case;RDL 2023
GLMO;P50;Generation;3609133000.0;3175890000.0;3181393000.0;2562516000.0;2678108000.0;2164612000.0;2032798000.0;2435054000.0;2571723000.0;3216673000.0;3408554000.0;4163545000.0;Management Case;RDL 2023
GOUR;P50;Generation;5248980000.0;4338000000.0;4294620000.0;3123360000.0;2993220000.0;2429280000.0;2385900000.0;2429280000.0;2602800000.0;3643920000.0;4511520000.0;5335740000.0;Management Case;RDL 2023
GOUR;P75;Generation;5248980000.0;4338000000.0;4294620000.0;3123360000.0;2993220000.0;2429280000.0;2385900000.0;2429280000.0;2602800000.0;3643920000.0;4511520000.0;5335740000.0;Management Case;RDL 2023
GOUR;P90;Generation;4298283000.0;3552300000.0;3516777000.0;2557656000.0;2451087000.0;1989288000.0;1953765000.0;1989288000.0;2131380000.0;2983932000.0;3694392000.0;4369329000.0;Management Case;RDL 2023
GROR;P50;Generation;858115000.0;744763000.0;731358000.0;585816000.0;553379000.0;415415000.0;401732000.0;474578000.0;535746000.0;648802000.0;678227000.0;872068000.0;Management Case;RDL 2023
GRPL;P50;Generation;2866773250.0;2673535250.0;2436268000.0;1898136620.0;1673099750.0;1220580120.0;1423602500.0;1296407750.0;1563027380.0;2101159000.0;2595261500.0;2712672000.0;Management Case;RDL 2023
GRPL;P75;Generation;2730056760.0;2546034280.0;2320082310.0;1807614430.0;1593309580.0;1162370620.0;1355710860.0;1234582030.0;1488486560.0;2000954670.0;2471493410.0;2583304600.0;Management Case;RDL 2023
GRRI;P50;Generation;9709109000.0;8633734000.0;9096139000.0;5821090000.0;5576069000.0;4656280000.0;4418050000.0;5719022000.0;5032964000.0;7616263000.0;7847212000.0;11074067000.0;Management Case;RDL 2023
GUIL;P50;Generation;5275424000.0;5416730000.0;4615996000.0;3673956000.0;3485548000.0;2826120000.0;2920324000.0;2684814000.0;2967426000.0;3768160000.0;4474690000.0;4992812000.0;Management Case;RDL 2023
HENI;P50;Generation;1678920000.0;1357127000.0;1399100000.0;1007352000.0;979370000.0;783496000.0;797487000.0;797487000.0;965379000.0;1273181000.0;1427082000.0;1525019000.0;Management Case;RDL 2023
HENI;P75;Generation;1617720000.0;1307657000.0;1348100000.0;970632000.0;943670000.0;754936000.0;768417000.0;768417000.0;930189000.0;1226771000.0;1375062000.0;1469429000.0;Management Case;RDL 2023
HERO;P50;Generation;2207745250.0;2066619620.0;1828832750.0;1417055380.0;1366791500.0;1014944190.0;1171535500.0;1123204880.0;1316527620.0;1745704000.0;1977691250.0;2095618120.0;Management Case;RDL 2023
HERO;P75;Generation;2131885620.0;1995609160.0;1765992810.0;1368364390.0;1319827610.0;980070010.0;1131280740.0;1084610790.0;1271290830.0;1685720420.0;1909736430.0;2023611250.0;Management Case;RDL 2023
HHH1;P50;Generation;533745000.0;485431000.0;431996000.0;348851000.0;333184000.0;268754000.0;235729000.0;309394000.0;369843000.0;427801000.0;499000000.0;579317000.0;Management Case;RDL 2023
HHH2;P50;Generation;1157247000.0;1014235000.0;911028000.0;705744000.0;692079000.0;539154000.0;476406000.0;632381000.0;746259000.0;844571000.0;971810000.0;1210086000.0;Management Case;RDL 2023
JADE;P50;Generation;2820000000.0;2160000000.0;2190000000.0;2487500000.0;2030000000.0;1847500000.0;1695000000.0;1420000000.0;1495000000.0;2150000000.0;2042500000.0;2662500000.0;Management Case;RDL 2023
JADE;P75;Generation;2711432200.0;2076841680.0;2105686710.0;2391733190.0;1951846580.0;1776372690.0;1629743820.0;1365331110.0;1437443670.0;2067226680.0;1963865340.0;2559995830.0;Management Case;RDL 2023
JADE;P90;Generation;2613801600.0;2002060800.0;2029867200.0;2305614000.0;1881566400.0;1712410800.0;1571061600.0;1316169600.0;1385685600.0;1992792000.0;1893152400.0;2467818000.0;Management Case;RDL 2023
JAVI;P50;Generation;4011751500.0;3678354800.0;3729646600.0;2989579200.0;2722129100.0;2190892600.0;2110291200.0000002;2029689800.0;2297139900.0;3143454600.0;3627063000.0;4110671400.0;Management Case;RDL 2023
JAVI;P75;Generation;4011751500.0;3678354800.0;3729646600.0;2989579200.0;2722129100.0;2190892600.0;2110291200.0000002;2029689800.0;2297139900.0;3143454600.0;3627063000.0;4110671400.0;Management Case;RDL 2023
JAVI;P90;Generation;3426036000.0;3141315200.0;3185118400.0;2553100800.0;2324698400.0;1871022400.0;1802188800.0;1733355200.0;1961757600.0;2684510400.0;3097512000.0;3510513600.0;Management Case;RDL 2023
JON2;P50;Generation;1518296000.0;1445301000.0;1401504000.0;1240915000.0;1182519000.0;992732000.0;1094925000.0;940175600.0;953314700.0;1070106700.0;1386905000.0;1372306000.0;Management Case;RDL 2023
JON2;P75;Generation;1406704000.0;1339074000.0;1298496000.0;1149710000.0;1095606000.0;919768000.0;1014450000.0;871074400.0;883247800.0;991455800.0;1284970000.0;1271444000.0;Management Case;RDL 2023
JONC;P50;Generation;3251835250.0;3146608750.0;3659163250.0;2498278500.0;2678181500.0;2311586500.0;2304797500.0;2562772000.0;2202965500.0;2800380000.0;3516598500.0;3010832750.0;Management Case;RDL 2023
JONC;P75;Generation;2977212570.0;2880872620.0;3350141070.0;2287294890.0;2452004800.0;2116369330.0;2110153670.0;2346341810.0;2016921550.0;2563883440.0;3219616140.0;2756563120.0;Management Case;RDL 2023
KIRK;P50;Generation;377820000.0;325390000.0;329047000.0;259524000.0;236893000.0;178489000.0;163810000.0;206575000.0;272704000.0;311298000.0;361952000.0;416328000.0;Management Case;RDL 2023
LANE;P50;Generation;1903898000.0;1865043000.0;1779238000.0;1199650000.0;1076609000.0;809480440.0;895285380.0;846716560.0;969757560.0;1434399380.0;1510490500.0;1899041120.0;Management Case;RDL 2023
LANE;P75;Generation;1834207180.0;1796774440.0;1714110270.0;1155737670.0;1037200500.0;779849990.0;862514100.0;815723110.0;934260280.0;1381894220.0;1455200080.0;1829528080.0;Management Case;RDL 2023
LANG;P50;Generation;1973319000.0;1649759000.0;1628277000.0;1180768000.0;1231712000.0;855994000.0;960654000.0;1248677000.0;1353784000.0;1626342000.0;1822259000.0;2228455000.0;Management Case;RDL 2023
LAPI;P50;Generation;2120315250.0;2098456250.0;1792431500.0;1989161750.0;1748713620.0;1442688750.0;1748713620.0;1879867120.0;1486406500.0;1770572500.0;1989161750.0;1792431500.0;Management Case;RDL 2023
LAPI;P75;Generation;1961448530.0;1941227340.0;1658131790.0;1840121830.0;1617689520.0;1334593870.0;1617689520.0;1739016210.0;1375036020.0;1637910600.0;1840121830.0;1658131790.0;Management Case;RDL 2023
LBDF;P50;Generation;2178281250.0;2038647750.0;1831990380.0;1431707880.0;1279042000.0;951368940.0;1094725880.0;1005360620.0;1185953120.0;1604853380.0;1960453120.0;2055403750.0;Management Case;RDL 2023
LBDF;P75;Generation;2103426049.9999998;1968590970.0;1769035240.0;1382508180.0;1235088570.0;918675770.0;1057106350.0000001;970812070.0;1145198620.0;1549703650.0;1893083440.0;1984771160.0;Management Case;RDL 2023
LDTE;P50;Generation;2302674000.0;2108185250.0;1772416750.0;1383439250.0;1238490000.0;1075192750.0;1058679620.0000001;1001800810.0;1163263250.0;1381604380.0;1765077620.0;2097176500.0;Management Case;RDL 2023
LDTE;P75;Generation;2181943000.0;1997651450.0;1679487550.0;1310904450.0;1173555000.0;1018819550.0;1003172220.0;949275610.0;1102272450.0;1309165780.0;1672533220.0;1987219890.0;Management Case;RDL 2023
LEPI;P50;Generation;2262700000.0;2019600000.0;1701700000.0;1645600000.0;1327700000.0;1028500000.0;1028500000.0;935000000.0;1271600000.0;1739100000.0;1683000000.0;2057000000.0;Management Case;RDL 2023
LEPI;P75;Generation;2202200000.0;1965600000.0;1656200000.0;1601600000.0;1292200000.0;1001000000.0;1001000000.0;910000000.0;1237600000.0;1692600000.0;1638000000.0;2002000000.0;Management Case;RDL 2023
LERO;P50;Generation;833599060.0;779979880.0;702053380.0;550489940.0;492581250.0;368184840.0;422518910.0;388202660.0;456835160.0;615547810.0;751383000.0;787844060.0;Management Case;RDL 2023
LERO;P75;Generation;804889810.0;753117280.0;677874580.0;531531000.0;475616690.0;355504510.0;407967310.0;374832910.0;441101700.0;594348270.0;725505280.0;760710620.0;Management Case;RDL 2023
LGPK;P50;Generation;9040884000.0;7333645000.0;7784743000.0;5965621000.0;5511464000.0;4214152000.0;4141806000.0;5131381000.0;6201844000.0;7071636000.0;7905021000.0;9697803000.0;Management Case;RDL 2023
LOMO;P50;Generation;3943704500.0;3858281250.0;3541503500.0;2758457500.0;2413205500.0;1986089380.0;2114224250.0;1946937120.0;2295748500.0;3032523500.0;3477436000.0;4228448500.0;Management Case;RDL 2023
LOMO;P75;Generation;3809525700.0;3727008850.0;3421009000.0;2664605000.0;2331099700.0;1918515580.0;2042290850.0;1880695420.0;2217639000.0;2929346300.0;3359121300.0;4084581700.0;Management Case;RDL 2023
LOPX;P50;Generation;3115678690.0;2967121810.0;3220450620.0;2804193000.0;2559235970.0;2017668400.0;1936204000.0;1888774660.0;2224223970.0;2795004500.0;2965203370.0;2732278380.0;Management Case;RDL 2023
LOPX;P75;Generation;2881087560.0;2743730130.0;2978028000.0;2593035260.0;2366550650.0;1865724350.0;1790376930.0;1746549010.0;2056727530.0;2584605950.0;2741972270.0;2526557830.0;Management Case;RDL 2023
LORO;P50;Generation;10509678000.0;9672624000.0;9114588000.0;6789438000.0;6975450000.0;5766372000.0;6417414000.0;5673366000.0;6045390000.0;7440480000.0;8463546000.0;10137654000.0;Management Case;RDL 2023
LORO;P75;Generation;9642629000.0;8874632000.0;8362634000.0;6229309000.0;6399975000.0;5290646000.0;5887977000.0;5205313000.0;5546645000.0;6826640000.0;7765303000.0;9301297000.0;Management Case;RDL 2023
LORO;P90;Generation;8862138000.0;8156304000.0;7685748000.0;5725098000.0;5881950000.0;4862412000.0;5411394000.0;4783986000.0;5097690000.0;6274080000.0;7136766000.0;8548434000.0;Management Case;RDL 2023
LUC2;P50;Generation;2747786000.0;3213983500.0;3025652000.0;2945379500.0;2423609000.0;2321724750.0;2479182250.0;2117956500.0;1917275380.0;2133393500.0;2744698500.0;2803359250.0;Management Case;RDL 2023
LUC2;P75;Generation;2534311160.0;2964289880.0;2790589810.0;2716553660.0;2235319390.0;2141350500.0;2286575170.0;1953412960.0;1768322710.0;1967650660.0;2531463520.0;2585566930.0;Management Case;RDL 2023
LUCO;P50;Generation;3944220500.0;3186050500.0;1892531380.0;2940079250.0;2242678500.0;2043007880.0;2422092750.0;1565534380.0;1823080620.0;1594472120.0;2422092750.0;2861947250.0;Management Case;RDL 2023
LUCO;P75;Generation;3565896870.0;2880449380.0;1711002650.0;2658071320.0;2027564190.0;1847045670.0;2189769300.0;1415370700.0;1648213500.0;1441532780.0;2189769300.0;2587433620.0;Management Case;RDL 2023
MACH;P50;Generation;1891560000.0;1781505620.0;1695525620.0;1372240750.0;1172767250.0;940621190.0;1074750000.0;988770000.0;1097104750.0;1484014750.0;1753992000.0;1943148000.0;Management Case;RDL 2023
MACH;P75;Generation;1826550000.0;1720278020.0;1637253020.0;1325078950.0;1132461050.0;908293490.0;1037812500.0;954787500.0;1059398950.0;1433011450.0;1693710000.0;1876365000.0;Management Case;RDL 2023
MAUR;P50;Generation;1734105620.0;1639271750.0;1493257620.0;1165102250.0;1040162310.0;773724190.0;894148190.0;829420310.0;961886690.0;1300579250.0;1565512000.0;1655830000.0;Management Case;RDL 2023
MAUR;P75;Generation;1661990420.0;1571100350.0;1431158420.0;1116649850.0;996905710.0;741547790.0;856963790.0;794927710.0;921885290.0;1246492850.0;1500408000.0;1586970000.0;Management Case;RDL 2023
MAZU;P50;Generation;3403895720.0;3185005870.0;3073974790.0;2391926720.0;2452200740.0;2090556650.0;2049316530.0;2039799580.0;2166692240.0;2617161200.0;3001011510.0;3251624520.0;Management Case;RDL 2023
MAZU;P75;Generation;3083336210.0;2885060160.0;2784485350.0;2166668690.0;2221266440.0;1893679930.0;1856323570.0;1847702870.0;1962645510.0;2370691870.0;2718393340.0;2945405040.0;Management Case;RDL 2023
MTAR;P50;Generation;13548343000.0;13943250000.0;16373446000.0;13092681000.0;12940794000.0;9842294000.0;9234745000.0;8794272000.0;10692862000.0;12986360000.0;16191181000.0;14247024000.0;Management Case;RDL 2023
MTAR;P75;Generation;12387809250.0;12748889020.0;14970917530.0;11971178670.0;11832302120.0;8999215670.0;8443708539.999999;8040965900.0;9776925100.0;11873964990.0;14804265120.0;13026642130.0;Management Case;RDL 2023
MTL1;P50;Generation;2498965250.0;2319078500.0;2593770250.0;2093004880.0;1813451380.0;1414783750.0;1324840500.0;1310255120.0;1558206880.0;2275322500.0;2535428750.0;2571892250.0;Management Case;RDL 2023
MTL1;P75;Generation;2408192850.0;2234840300.0;2499554150.0;2016978580.0;1747579580.0;1363393150.0;1276717000.0;1262661420.0;1501606580.0;2192673700.0;2443331850.0;2478470850.0;Management Case;RDL 2023
NIED;P50;Generation;2463690000.0;2063090000.0;2143210000.0;1502250000.0;1362040000.0;1101650000.0;1101650000.0;1081620000.0;1261890000.0;1722580000.0;1902850000.0;2323480000.0;Management Case;RDL 2023
NIED;P75;Generation;2374169060.0;1988125310.0;2065334060.0;1447664060.0;1312548750.0;1061620310.0;1061620310.0;1042318130.0;1216037810.0;1659988130.0;1833707810.0;2239053750.0;Management Case;RDL 2023
NIPL;P50;Generation;1708989120.0;1691370620.0;1444712380.0;1603278380.0;1409475500.0;1162817250.0;1409475500.0;1515186120.0;1198054250.0;1427094000.0;1603278380.0;1444712380.0;Management Case;RDL 2023
NIPL;P75;Generation;1580962610.0;1564663980.0;1336483790.0;1483171040.0;1303886630.0;1075706440.0;1303886630.0;1401678090.0;1108303710.0;1320185270.0;1483171040.0;1336483790.0;Management Case;RDL 2023
NNG1;P50;Generation;196142400000.0;175917600000.0;176299200000.0;147679200000.0;139665600000.0;122112000000.0;118677600000.0;131270400000.0;151113600000.0;176871600000.0;180687600000.0;191563200000.0;Management Case;RDL 2023
NNG1;P90;Generation;179077600000.0;160612400000.0;160960800000.0;134830800000.0;127514400000.0;111488000000.0;108352400000.0;119849600000.0;137966400000.0;161483400000.0;164967400000.0;174896800000.0;Management Case;RDL 2023
NOUR;P50;Generation;1876342250.0;1781443000.0;1611623250.0;1285302750.0;1173754500.0;914030120.0;1027243310.0;965642000.0;1085514750.0;1436808750.0;1698198000.0;1793097250.0;Management Case;RDL 2023
NOUR;P75;Generation;1811765150.0;1720132000.0;1556156850.0;1241067150.0;1133358000.0;882572420.0;991889210.0;932408000.0;1048155150.0;1387358850.0;1639752000.0;1731385150.0;Management Case;RDL 2023
NURL;P50;Generation;2661954000.0;2283153500.0;1974731000.0;1436544380.0;1397215380.0;1190220500.0;1190220500.0;1159171250.0;1403425250.0;1674588500.0;1958171500.0;2370091250.0;Management Case;RDL 2023
NURL;P75;Generation;2534963170.0;2174233680.0;1880524740.0;1368012780.0;1330560010.0;1133440000.0;1133440000.0;1103871980.0;1336473630.0;1594700800.0;1864755230.0;2257023990.0;Management Case;RDL 2023
OUPI;P50;Generation;2115096750.0;2543470750.0;2516697500.0;2704111000.0;2088323380.0;2329283750.0;2329283750.0;1900909750.0;1793816250.0;1847363000.0;2329283750.0;2275737000.0;Management Case;RDL 2023
OUPI;P75;Generation;1956648900.0;2352932200.0;2328164610.0;2501538430.0;1931881200.0;2154790550.0;2154790550.0;1758507250.0;1659436430.0;1708971840.0;2154790550.0;2105255140.0000002;Management Case;RDL 2023
PAAN;P50;Generation;5769417500.0;5227360600.0;5597676700.0;4223750300.0;4046642600.0;3558254700.0;3670959600.0;3348945600.0;3649492000.0;4357922800.0;4674569900.0;5544007700.0;Management Case;RDL 2023
PAAN;P75;Generation;5769417500.0;5227360600.0;5597676700.0;4223750300.0;4046642600.0;3558254700.0;3670959600.0;3348945600.0;3649492000.0;4357922800.0;4674569900.0;5544007700.0;Management Case;RDL 2023
PAAN;P90;Generation;4725270000.0;4281314400.0000005;4584610800.0;3459337200.0;3314282400.0;2914282800.0;3006590400.0;2742854400.0;2989008000.0;3569227200.0;3828567600.0;4540654800.0;Management Case;RDL 2023
PAMP;P50;Generation;2943305750.0;2822312000.0;2714469500.0;2020070380.0;1825428250.0;1425622620.0;1565028500.0;1525574000.0;1657089000.0;2233124750.0;2601366750.0;2969608750.0;Management Case;RDL 2023
PAMP;P75;Generation;2668143650.0;2558461290.0;2460700710.0;1831219180.0;1654773650.0;1292344820.0;1418718000.0;1382952000.0;1502172000.0;2024355650.0;2358171650.0;2691987650.0;Management Case;RDL 2023
PASP;P50;Generation;1758774000.0;1498367000.0;1603152000.0;1164802000.0;1020116000.0;923197000.0;866421000.0;1092241000.0;1182170000.0;1448467000.0;1426021000.0;1616273000.0;Management Case;RDL 2023
PCR1;P50;Generation;2620377460.0;2376336840.0;1970678970.0;1916119480.0;2037953820.0;2428496320.0;2680424660.0;2037568090.0;1193271780.0;1369929830.0;1560320600.0;2460522140.0;Management Case;RDL 2023
PDCE;P50;Generation;2596370000.0;2396846000.0;2609160000.0;2074538000.0;2005472000.0;1527126000.0;1754788000.0;1821296000.0;1765020000.0;2161510000.0;2419868000.0;2448006000.0;Management Case;RDL 2023
PDCE;P75;Generation;2360192190.0;2178817810.0;2371818750.0;1885828440.0;1823045000.0;1388211560.0;1595164380.0;1655622500.0;1604465630.0;1964889060.0;2199745630.0;2225324060.0;Management Case;RDL 2023
PDFE;P50;Generation;2088240000.0;1775004000.0;1844612000.0;1322552000.0;1200738000.0;974512000.0;974512000.0;974512000.0;1113728000.0;1531376000.0;1635788000.0;1966426000.0;Management Case;RDL 2023
PDFE;P75;Generation;2012186250.0;1710358310.0;1777431190.0;1274384630.0;1157007090.0;939020250.0;939020250.0;939020250.0;1073166000.0;1475603250.0;1576212560.0;1894808720.0;Management Case;RDL 2023
PEMO;P50;Generation;1789905750.0;1771453000.0;1513116120.0;1679189880.0;1476210880.0;1217874000.0;1476210880.0;1586926750.0;1254779250.0;1494663500.0;1679189880.0;1513116120.0;Management Case;RDL 2023
PEMO;P75;Generation;1655788660.0;1638718570.0;1399738790.0;1553368700.0;1365598850.0;1126619070.0;1365598850.0;1468018810.0;1160759020.0;1382668820.0;1553368700.0;1399738790.0;Management Case;RDL 2023
PEZI;P50;Generation;19932284000.0;23174282000.0;22982164000.0;23606548000.0;18251248000.0;19403958000.0;20100388000.0;17050508000.0;15969842000.0;17434744000.0;21997556000.0;20244476000.0;Management Case;RDL 2023
PEZI;P75;Generation;18763899410.0;21815858950.0;21635002470.0;22222786510.0;17181401870.0;18266542660.0;18922149540.0;16051046480.0;15033726640.0;16412759450.0;20708109920.0;19057791430.0;Management Case;RDL 2023
PLAW;P50;Generation;4635531000.0;4012593000.0;3734640000.0;2929676000.0;2517081000.0;1880274000.0;1937483000.0;2491077000.0;3255013000.0;3549724000.0;3868127000.0;4388783000.0;Management Case;RDL 2023
PLEU;P50;Generation;2324948750.0;2165083750.0;1969693380.0;1529571500.0;1346022880.0;973004810.0;1140764250.0;1036161310.0;1255235380.0;1695357250.0;2101927250.0;2198635750.0;Management Case;RDL 2023
PLEU;P75;Generation;2214051120.0;2061811510.0;1875741060.0;1456612530.0;1281818990.0;926593490.0;1086350980.0;986737500.0;1195361960.0;1614490480.0;2001667510.0;2093763120.0;Management Case;RDL 2023
PLGR;P50;Generation;2391529750.0;2698269250.0;2456517000.0;2682672500.0;1863833500.0;1830040120.0;2149777250.0;1876830880.0;1557093750.0;1603884620.0;2596889250.0;2287550250.0;Management Case;RDL 2023
PLGR;P75;Generation;2277363220.0;2569459630.0;2339248120.0;2554607440.0;1774858060.0;1742677910.0;2047151470.0;1787234980.0;1482761420.0;1527318590.0;2472919300.0;2178347480.0;Management Case;RDL 2023
POUZ;P50;Generation;1434605000.0;1344755000.0;1485520000.0;1286352500.0;1215970000.0;1034772500.0;1061727500.0;1235437500.0;962892500.0;1072210000.0;1451077500.0;1389680000.0;Management Case;RDL 2023
POUZ;P75;Generation;1319890490.0;1237225110.0;1366734200.0;1183492620.0;1118738080.0;952029570.0;976829180.0;1136648910.0;885897270.0;986473480.0;1335045810.0;1278557800.0;Management Case;RDL 2023
QVA3;P50;Generation;5378400000.0;4880400000.0;4780800000.0;3884400000.0;3735000000.0;2988000000.0;3486000000.0;3187200000.0;3237000000.0;4282800000.0;4382400000.0;5577600000.0;Management Case;RDL 2023
QVA3;P75;Generation;4881600000.0;4429600000.0;4339200000.0;3525600000.0;3390000000.0;2712000000.0;3164000000.0;2892800000.0;2938000000.0;3887200000.0;3977600000.0;5062400000.0;Management Case;RDL 2023
RAM1;P50;Generation;2712572250.0;2633134250.0;2448558000.0;1726607120.0;1577076880.0;1249979500.0;1380818380.0;1313062500.0;1476611250.0;2067723000.0;2149497500.0;2628461500.0;Management Case;RDL 2023
RAM1;P75;Generation;2616661810.0;2540032560.0;2361982510.0;1665558180.0;1521315000.0;1205783040.0;1331995750.0;1266635570.0;1424401600.0;1994612970.0;2073496110.0;2535525020.0;Management Case;RDL 2023
RAM2;P50;Generation;6227850500.0;6032570000.0;5594509500.0;3868656250.0;3515041000.0;2739198500.0;3045313250.0;2886978000.0;3277538250.0;4686721000.0;4876723500.0;6027292500.0;Management Case;RDL 2023
RAM2;P75;Generation;5968912230.0;5781751000.0;5361903950.0;3707807310.0;3368894490.0;2625309560.0;2918696830.0;2766944760.0;3141266500.0;4491859000.0;4673961680.0;5776692930.0;Management Case;RDL 2023
REHO;P50;Generation;2727653000.0;2393172000.0;2432918000.0;1988045000.0;2100930000.0;1669269000.0;1449076000.0;1774475000.0;1828026000.0;2340950000.0;2570443000.0;3025043000.0;Management Case;RDL 2023
RETI;P50;Generation;5254178000.0;4619582000.0;4588533000.0;3594672000.0;3733528000.0;3039209000.0;2880131000.0;3592307000.0;3694870000.0;4613433000.0;4963896000.0;6125662000.0;Management Case;RDL 2023
RHOD;P50;Generation;4220179000.0;3688479000.0;3692759000.0;2840983000.0;2289069000.0;2170597000.0;2310398000.0;2710973000.0;3333282000.0;3803132000.0;3818281000.0;4321867000.0;Management Case;RDL 2023
RIBE;P50;Generation;2719908500.0;2519372750.0;2369547500.0;1719535380.0;1615810000.0;1214738750.0;1355344250.0;1311549120.0;1470594620.0;2030711380.0;2222027000.0;2500932750.0;Management Case;RDL 2023
RIBE;P75;Generation;2622196000.0;2428864480.0;2284421690.0;1657761210.0;1557762150.0;1171099360.0;1306653620.0;1264431820.0;1417763630.0;1957758240.0;2142200859.9999998;2411086940.0;Management Case;RDL 2023
RIOL;P50;Generation;754600000.0;816200000.0;800800000.0;616000000.0;623700000.0;523600000.0;515900000.0;554400000.0;477400000.0;600600000.0;669900000.0;746900000.0;Management Case;RDL 2023
RIOL;P75;Generation;715400000.0;773800000.0;759200000.0;584000000.0;591300000.0;496400000.0;489100000.0;525600000.0;452600000.0;569400000.0;635100000.0;708100000.0;Management Case;RDL 2023
ROAD;P50;Generation;1593085000.0;1415583000.0;1473226000.0;1002942000.0;991199000.0;767092000.0;784424000.0;927114000.0;1011980000.0;1235007000.0;1361214000.0;1737135000.0;Management Case;RDL 2023
RODU;P50;Generation;1080627120.0;1008706690.0;902191620.0;697355000.0;619061880.0;450640620.0;523471440.0;477952190.0;570811440.0;785662310.0;969560120.0;1017810620.0;Management Case;RDL 2023
RODU;P75;Generation;1043491710.0;974042800.0;871188090.0;673390610.0;597788010.0;435154500.0;505482510.0;461527510.0;551195680.0;758663270.0;936241490.0;982833880.0;Management Case;RDL 2023
ROUS;P50;Generation;3789601200.0;3518915400.0;3540007800.0;2770135200.0;2622488400.0;2038932000.0;1901831400.0;1884254400.0;2313133200.0;3329083800.0;3525946200.0;3919671000.0;Management Case;RDL 2023
ROUS;P75;Generation;3414780600.0;3170867700.0;3189873900.0;2496147600.0;2363104200.0;1837266000.0;1713725700.0;1697887200.0;2084346600.0;2999811900.0;3177203100.0;3531985500.0;Management Case;RDL 2023
ROUS;P90;Generation;3077258800.0;2857454600.0;2874582200.0;2249424800.0;2129531600.0;1655668000.0;1544338600.0;1530065600.0;1878326800.0;2703306200.0;2863163800.0;3182879000.0;Management Case;RDL 2023
RUSH;P50;Generation;5014567000.0;4360290000.0;4124460000.0;3046433000.0;3180276000.0;2344036000.0;1962166000.0;2866335000.0;2904695000.0;3949595000.0;4046520000.0;5400627000.0;Management Case;RDL 2023
SACB;P50;Generation;2741962190.0;2548209940.0;2087128650.0;2307859050.0;1714339510.0;1581901260.0;1527944940.0;1160060930.0;1912996880.0;2187683610.0;2273523210.0;2481990820.0;Management Case;RDL 2023
SACS;P50;Generation;1400155030.0;1301217420.0;1065770950.0;1178484690.0;875409990.0;807781750.0;780229500.0;592373280.0;976852340.0;1117118320.0;1160951440.0;1267403300.0;Management Case;RDL 2023
SACU;P50;Generation;13666432000.0;12700736000.0;10402624000.0;11502784000.0;8544576000.0;7884480000.0;7615552000.0;5781952000.0;9534720000.0;10903808000.0;11331648000.0;12370688000.0;Management Case;RDL 2023
SACU;P75;Generation;12486152810.0;11603857580.0;9504218280.0;10509364750.0;7806637580.0;7203549700.0;6957847230.0;5282603110.0;8711269400.0;9962118340.0;10353008640.0;11302313640.0;Management Case;RDL 2023
SAMI;P50;Generation;1993987800.0;2041463700.0;1515954600.0;1661656500.0;1352244600.0;1041195600.0;938058300.0;420734700.0;965889000.0;1232736300.0;1366978500.0;1840100400.0;Management Case;RDL 2023
SAMI;P75;Generation;1993987800.0;2041463700.0;1515954600.0;1661656500.0;1352244600.0;1041195600.0;938058300.0;420734700.0;965889000.0;1232736300.0;1366978500.0;1840100400.0;Management Case;RDL 2023
SAMI;P90;Generation;1865732400.0;1910154600.0;1418446800.0;1554777000.0;1265266800.0;974224800.0;877721400.0;393672600.0;903762000.0;1153445400.0;1279053000.0;1721743200.0;Management Case;RDL 2023
SAPN;P50;Generation;2215083750.0;2058561620.0;1686078880.0;1864395120.0;1384922620.0;1277932880.0;1234344500.0;937150810.0;1545407250.0;1767311880.0;1836657000.0;2005066750.0;Management Case;RDL 2023
SAPN;P75;Generation;2023781640.0;1880777290.0;1540463420.0;1703379670.0;1265316030.0;1167566280.0;1127742340.0;856215300.0;1411940660.0;1614680860.0;1678037100.0;1831902420.0;Management Case;RDL 2023
SARA;P50;Generation;7967085000.0;6997179000.0;6927900000.0;4572414000.0;4849530000.0;4226019000.0;4087461000.0;4156740000.0;4433856000.0;5819436000.0;6997179000.0;8313480000.0;Management Case;RDL 2023
SARA;P75;Generation;7463270000.0;6554698000.0;6489800000.0;4283268000.0;4542860000.0;3958778000.0;3828982000.0;3893880000.0;4153472000.0;5451432000.0;6554698000.0;7787760000.0;Management Case;RDL 2023
SAUV;P50;Generation;4664979500.0;4736601500.0;3972633750.0;4550384500.0;3977408500.0;3351909750.0;3710019750.0;2482896000.0;3891462000.0;3752993000.0;4244797500.0;4411915500.0;Management Case;RDL 2023
SAUV;P75;Generation;3981882450.0;4043016780.0;3390917500.0;3884067700.0;3394993080.0;2861086660.0;3166758300.0;2119323350.0;3321631800.0;3203438930.0;3623228070.0;3765874830.0;Management Case;RDL 2023
SERY;P50;Generation;2197584750.0;1965508380.0;1836973750.0;1258568000.0;1217508380.0;889031060.0;1008639620.0;962224380.0;1121107380.0;1612038250.0;1795914120.0;1986930880.0;Management Case;RDL 2023
SERY;P75;Generation;2118674080.0;1894931090.0;1771011870.0;1213375460.0;1173790200.0;857107820.0;972421480.0;927672920.0;1080850760.0;1554153330.0;1731426600.0;1915584350.0;Management Case;RDL 2023
SNA1;P50;Generation;174677760000.0;146058240000.0;163822080000.0;130103680000.0;126320640000.0;107405440000.0;109050240000.0;105596160000.0;108721280000.0;137340800000.0;158723200000.0;176980480000.0;Management Case;RDL 2023
SOUR;P50;Generation;4773969500.0;4805466000.0;4328519000.0;3622097500.0;3194645000.0;2636707000.0;2780691000.0;2542217500.0;2992167500.0;4031552000.0;4252027500.0;5030441000.0;Management Case;RDL 2023
SOUR;P75;Generation;4614076800.0;4644518400.0;4183545600.0;3500784000.0;3087648000.0;2548396800.0;2687558400.0;2457072000.0;2891952000.0;3896524800.0;4109616000.0;4861958400.0;Management Case;RDL 2023
STAU;P50;Generation;2333848250.0;2301601750.0;2170600000.0;1489390250.0;1360403880.0;1068169000.0;1152816250.0;1092353880.0;1233432880.0;1755424750.0;1874334120.0;2321756000.0;Management Case;RDL 2023
STAU;P75;Generation;2244782880.0;2213766990.0;2087764590.0;1432551470.0;1308487540.0;1027405050.0;1108821960.0;1050666980.0;1186362060.0;1688433440.0;1802804940.0;2233152100.0;Management Case;RDL 2023
STEN;P50;Generation;1961282000.0;1808774250.0;1726780880.0;1213502250.0;1090512120.0;841252250.0;952763250.0;888808380.0;1016718120.0;1493919620.0;1569353620.0;1835012120.0;Management Case;RDL 2023
STEN;P75;Generation;1893865990.0;1746600460.0;1667425480.0;1171790000.0;1053027470.0;812335520.0;920013500.0;858256980.0;981770020.0;1442568460.0;1515409540.0;1771936440.0;Management Case;RDL 2023
STMB;P50;Generation;1358565620.0;1157948380.0;1134484380.0;827106000.0;814200810.0;664031190.0;713305620.0;710959190.0;770792380.0;1052360379.9999999;1180239250.0;1350353250.0;Management Case;RDL 2023
STMB;P75;Generation;1320120020.0;1125179980.0;1102379980.0;803700000.0;791160010.0;645239990.0;693120020.0;690839990.0;748979980.0;1022579980.0;1146840050.0;1312140050.0;Management Case;RDL 2023
STME;P50;Generation;1355003750.0;1270097880.0;1142157620.0;895581810.0;801371310.0;598993060.0;687388120.0;631559690.0;743216620.0;1002586380.0;1221248000.0;1281728880.0;Management Case;RDL 2023
STME;P75;Generation;1308411550.0;1226425200.0;1102884200.0;864786970.0;773815930.0;578396510.0;663752080.0;609843330.0;717660900.0;968112160.0;1179255030.0;1237656260.0;Management Case;RDL 2023
STSI;P50;Generation;1589200000.0;1383700000.0;1534400000.0;1041200000.0;1013800000.0;671300000.0;835700000.0;890500000.0;863100000.0;1096000000.0;1301500000.0;1479600000.0;Management Case;RDL 2023
STSI;P75;Generation;1496400000.0;1302900000.0;1444800000.0;980400000.0;954600000.0;632100000.0;786900000.0;838500000.0;812700000.0;1032000000.0;1225500000.0;1393200000.0;Management Case;RDL 2023
TAIL;P50;Generation;7248870000.0;6940560000.0;7162830000.0;5327310000.0;6101670000.0;4703520000.0;4768050000.0;4086900000.0;5047680000.0;5965440000.0;6983580000.0;7363590000.0;Management Case;RDL 2023
TEES;P50;Generation;20329747000.0;17407501000.0;18331740000.0;13157241000.0;13983902000.0;11730328000.0;10810007000.0;14770711000.0;14005328000.0;17996322000.0;18038227000.0;20338945000.0;Management Case;RDL 2023
TLGR;P50;Generation;3963080000.0;3494716000.0;3602800000.0;2810184000.0;2702100000.0;2305792000.0;2161680000.0;2125652000.0;2377848000.0;2990324000.0;3458688000.0;4035136000.0;Management Case;RDL 2023
TLGR;P75;Generation;3963080000.0;3494716000.0;3602800000.0;2810184000.0;2702100000.0;2305792000.0;2161680000.0;2125652000.0;2377848000.0;2990324000.0;3458688000.0;4035136000.0;Management Case;RDL 2023
TLGR;P90;Generation;3301870000.0;2911649000.0;3001700000.0;2341326000.0;2251275000.0;1921088000.0;1801020000.0;1771003000.0;1981122000.0;2491411000.0;2881632000.0;3361904000.0;Management Case;RDL 2023
TRAY;P50;Generation;1717105500.0;1646518500.0;1583604000.0;1178496000.0;1064943000.0;831699000.0;913027500.0;890010000.0;966735000.0;1302790500.0;1517620500.0;1732450500.0;Management Case;RDL 2023
TRAY;P75;Generation;1609569600.0;1543403200.0;1484428800.0;1104691200.0;998249600.0;779612800.0;855848000.0;834272000.0;906192000.0;1221201600.0;1422577600.0;1623953600.0;Management Case;RDL 2023
TRFR;P50;Generation;1642006500.0;1622688880.0;1390876120.0;1873819250.0;1642006500.0;1371558380.0;1642006500.0;1777230620.0;1410193880.0;1680642000.0;1873819250.0;1390876120.0;Management Case;RDL 2023
TRFR;P75;Generation;1518968180.0;1501098070.0;1286655430.0;1733410810.0;1518968180.0;1268785200.0;1518968180.0;1644059730.0;1304525680.0;1554708660.0;1733410810.0;1286655430.0;Management Case;RDL 2023
TRGR;P50;Generation;1027365000.0;907782000.0;862103000.0;639062000.0;589198000.0;474877000.0;406074000.0;526358000.0;651277000.0;756523000.0;826920000.0;1103460000.0;Management Case;RDL 2023
VANA;P50;Generation;1793364000.0;1534998000.0;1671780000.0;1170246000.0;1048662000.0;805494000.0;835890000.0;805494000.0;957474000.0;1428612000.0;1428612000.0;1717374000.0;Management Case;RDL 2023
VANA;P75;Generation;1728294380.0;1479302810.0;1611121880.0;1127785310.0;1010612810.0;776267810.0;805560940.0;776267810.0;922733440.0;1376776880.0;1376776880.0;1655061560.0;Management Case;RDL 2023
VARA;P50;Generation;2191982400.0;2082988800.0;2240424000.0;1685364000.0;1412880000.0;1202966400.0;1041494400.0;918372000.0;1334162400.0;1685364000.0;2089044000.0;2298957600.0;Management Case;RDL 2023
VARA;P75;Generation;2017027800.0;1916733600.0;2061603000.0;1550845500.0;1300110000.0;1106950800.0;958366800.0;845071500.0;1227675300.0;1550845500.0;1922305500.0;2115464700.0000002;Management Case;RDL 2023
VEUL;P50;Generation;2454805750.0;2436952500.0;1785313250.0;1673731120.0;1651414750.0;1287657120.0;1392544250.0;1231866120.0;1651414750.0;2182545500.0;2247263000.0;2320907250.0;Management Case;RDL 2023
VEUL;P75;Generation;2220739300.0;2204588360.0;1615083110.0;1514140370.0;1493951870.0;1164878640.0;1259764750.0;1114407320.0;1493951870.0;1974439150.0;2032985810.0;2099608060.0;Management Case;RDL 2023
VISE;P50;Generation;1610300500.0;1439449880.0;1364114250.0;976673500.0;943041500.0;714343810.0;786989000.0;753356940.0;875777500.0;1201335250.0;1345280250.0;1442140500.0;Management Case;RDL 2023
VISE;P75;Generation;1552508980.0;1387789960.0;1315158020.0;941622000.0;909197010.0;688706970.0;758745020.0;726319970.0;844347020.0;1158220940.0;1296999950.0;1390384020.0;Management Case;RDL 2023
VLSQ;P50;Generation;17476096000.0;15367680000.0;12308992000.0;13853184000.0;11329024000.0;10200576000.0;10809344000.0;11833856000.0;11017216000.0;10111488000.0;11358720000.0;12813824000.0;Management Case;RDL 2023
VLSQ;P75;Generation;16104416520.0;14161487770.0;11342872810.0;12765862880.0;10439821420.0;9399944050.0;9960930530.0;10905029710.0;10152486880.0;9317848470.0;10467186610.0;11808081100.0;Management Case;RDL 2023
WALK;P50;Generation;3146321000.0;2706833000.0;2862668000.0;2061869000.0;2114850000.0;1475797000.0;1451577000.0;1968882000.0;2113616000.0;2605585000.0;2872925000.0;3461077000.0;Management Case;RDL 2023
