date,project,act_energy_consumption,act_energy_generation,act_energy_iec,act_energy,act_prod_iec_revenue,duration_full_perf,duration_no_full_perf,duration_running,gained_energy_iec_consolidated,gained_energy_iec_PC,gained_prod_iec_revenue,line_count,lost_energy_iec_consolidated,lost_energy_iec_PC,lost_prod_iec_revenue,pot_energy_iec_consolidated,pot_energy_iec_consolidated_when_avail,pot_energy_PC,pot_energy_PC_when_avail,pot_prod_iec_revenue,rr_act_power_iec_pot_power_iec_consolidated,rr_act_power_iec,rr_pot_power_iec_consolidated,rr_wind_speed_act_power_iec,rr_wind_speed,wind_speed_avg,monthly_asset_act_energy_iec_not_excluded,monthly_asset_duration,monthly_asset_gained_energy_iec_consolidated_not_excluded,monthly_asset_lost_energy_iec_consolidated_contractor,monthly_asset_lost_energy_iec_consolidated_excluded,monthly_asset_lost_energy_iec_consolidated_not_excluded,monthly_asset_lost_energy_iec_consolidated_owner,monthly_asset_pot_energy_iec_consolidated_not_excluded,act_energy_windga,wind_speed_avg_windga,act_prod_iec_revenue_windga,pba_owner_windga,monthly_asset_contract_availability_windga,tba_iec_op_windga,pba_edf_om,pba_iec_op,pba_management,pba_owner,tba_iec_om,tba_iec_op,monthly_asset_contract_availability,monthly_asset_contract_pba,monthly_asset_contract_tba,act_energy_coverage,wind_speed_avg_coverage,act_prod_iec_revenue_coverage,pba_owner_coverage,monthly_asset_contract_availability_coverage,tba_iec_op_coverage
2022-12-01,ALLA,"-8135,253","2650938,973","2650938,973","2642803,7199999997","257247,206","9290258,12","1423341,88","10700940,08","176063,854","81540,405","17085,22","17856,0","94823,06099999999","167317,126","9201,616","2569698,166","2566008,29","2736715,693","2733851,478","249363,602","1,0","1,0","1,0","1,0","1,0","7,65825","2650938,973","10713600,0","176063,917","3578,115","0,0","94823,105","33506,096","2569698,163",,,,,,,"0,9986652395414899","0,986183958775468","0,9986671695395802","0,9862039106425401","0,9991388571535246","0,9988183318399044","0,9989314408153811",,"0,9989314408153811",1,1,1,1,1,1
2022-12-01,ALVI,"-8197,735","4764945,473","4764945,473","4756747,738","427081,42","11167209,41","2224790,59","12617410,44","127363,034","82597,68","11415,547","22320,0","527490,576","647097,534","47279,01","5165182,9799999995","5070723,276000001","5329445,33","5222166,365","462954,746","1,0","1,0","1,0","1,0","1,0","7,589","4764989,274","13392000,0","127363,035","34067,228","0,0","527298,335","394908,258","5164924,576",,,,,,,"0,9996213920126833","0,9173644211466733","0,9996341243156441","0,9173768325335363","0,9974949432497012","0,9421602777777778","0,9979747811851143",,"0,9979747811851143",1,1,1,1,1,1
2022-12-01,AMEL,"63,233000000000004","2878320,294","2878320,294","2878383,527","439328,636","9698105,879999999","3693894,12","12794183,89","155202,811","41603,314","17072,305","22320,0","197073,758","281787,519","21678,124","2920191,279","2778924,283","3118504,497","3021220,0130000003","443934,449","0,9997999999999999","0,9997999999999999","1,0","0,9937999999999999","0,9937999999999999","7,161","2878320,294","13392000,0","155202,782","34236,365","0,0","197073,764","110498,25099999999","2920191,274",,,,,,,"0,9687425368621098","0,9520442488937735","0,9687939063209865","0,9521230605261739","0,9616600858721626","0,9553602068399044","0,9950850029481132",,"0,9950850029481132",1,1,1,1,1,1
2022-12-01,AUCO,"-955,5070000000001","948732,044","948732,044","947776,537","50282,46","12995959,594","3074440,406","14032871,771","64703,581","72679,061","3429,2599999999998","26784,0","221132,68699999998","131691,524","11719,967","1122999,67","919548,317","1007744,513","915451,218","59518,617","0,9891666666666667","0,9891666666666667","1,0","0,9276666666666666","0,9276666666666666","5,147833333333334","966506,907","16070400,0","64703,56","130253,51","0,0","221196,38199999998","73895,97200000001","1122999,725",,,,,,,"0,8857377687478085","0,8228072681973135","0,8858591040032621","0,825656033896409","0,9116925478519514","0,8732123513415969","0,913494434633632",,"0,913494434633632",1,1,1,1,1,1
2022-12-01,AUM3,"-4241,118","1527998,596","1527998,596","1523757,4780000001","147146,28","17428773,54","1320026,46","17869245,65","69570,774","79281,199","6699,7029999999995","31248,0","134458,777","168169,608","12948,393","1592886,6069999998","1506663,187","1616886,9980000001","1504901,871","153394,946","1,0","1,0","1,0","0,9997142857142858","0,9997142857142858","5,063571428571429","1527998,596","18748800,0","69570,77900000001","63794,181000000004","0,0","134458,883","28804,555","1592886,6940000001",,,,,,,"0,9582844004888589","0,9428537036466549","0,9555230562072532","0,9428613600147233","0,9686155321940605","0,9530874322623314","0,9613809805603202",,"0,9613809805603202",1,1,1,1,1,1
2022-12-01,AUQB,"-983,466","1186349,525","1186349,525","1185366,059","62876,242","12885858,437","506141,56299999997","12905245,46","71428,002","106678,02","3785,674","22320,0","71472,79","49080,253000000004","3788,112","1196355,409","1139608,6099999999","1128751,768","1086247,6979999999","63406,588","0,9968","0,9968","1,0","0,9964000000000001","0,9964000000000001","5,531000000000001","1196310,608","13392000,0","71428,004","47122,958","0,0","71472,787","9632,972","1196355,4",,,,,,,"0,9621059202264861","0,954342892077622","0,9621063626836608","0,9547063701820655","0,972018947207288","0,9636533348267623","0,9709871866239984",,"0,9709871866239984",1,1,1,1,1,1
2022-12-01,BAMB,"-1701,099","200304,024","200304,024","198602,925","9314,175","14880065,647","1190334,3530000001","14893026,504","4269,482","4209,066","198,511","26784,0","241848,834","44472,118","11245,981","2932445,188","2710465,247","240567,071","223128,913","136358,661","0,37116666666666664","0,37116666666666664","1,0","0,334","0,334","4,289833333333333","2687700,745","16070400,0","4269,481","140782,108","0,0","249013,891","81238,83499999999","2932445,149",,,,,,,"0,9361530966291108","0,4742880931883506","0,9372779908733587","0,9022418438685657","0,9620322026209678","0,9267365158303466","0,9620322026209678",,"0,9620322026209678",1,1,1,1,1,1
2022-12-01,BARB,"0,0","1761011,733","1761011,733","1761011,733","186473,66999999998","11740323,0","4330077,0","15010452,0","16002,689999999999","5255,104","1694,616","26784,0","427244,134","483969,711","45240,948000000004","2172253,178","2048567,733","2239726,341","2120909,826","230019,999","1,0","1,0","1,0","1,0","1,0","6,240666666666667",,,,,,,,,,,,,,,"0,9988134375013148","0,8451395018138166","0,9988137192677137","0,8451762756311357","0,9962901981282357","0,934043458781362","0,0",,,1,1,1,1,1,1
2022-12-01,BDBS,"-15862,658","5084189,936","5084189,936","5068327,278","482133,831","23959354,63","2824645,37","26190754,97","170470,195","308691,247","16165,696","44640,0","448908,28599999996","409803,325","42569,964","5364382,327","5244618,092","5185319,147","5099920,885","508704,464","0,9991","0,9991","1,0","0,9907999999999999","0,9907999999999999","7,3131","5085791,612","26784000,0","170561,106","114509,636","0,0","448416,619","119166,901","5363647,125",,,,,,,"0,9785346768553891","0,9565398643048801","0,9779412279763937","0,9559715948969112","0,9798044289731277","0,978334536964524","0,9792581398735836",,"0,9792581398735836",1,1,1,1,1,1
2022-12-01,BOUS,"1063,901","1867995,225","1867995,225","1869059,1260000002","113431,682","6869047,859999999","3844552,14","10039331,95","69740,99100000001","30845,934999999998","4662,862","17856,0","148957,333","253206,454","9959,318","1947326,051","1873164,474","2090355,743","2016284,114","130198,30000000002","0,98875","0,98875","1,0","0,98","0,98","6,5575","1868051,589","10713600,0","69740,993","10438,724","0,0","148957,341","69256,455","1947267,936",,,,,,,"0,9831402439951183","0,9598548668330402","0,9822855739675094","0,9590822140745118","0,953793159591156","0,9464663157657558","0,9807202375181775",,"0,9807202375181775",1,1,1,1,1,1
2022-12-01,BRIY,"-1466,865","1406662,79","1406662,79","1405195,925","313892,38899999997","7709652,06","325547,94","7728136,07","40444,602","71732,197","9372,803","13392,0","86129,19099999999","77777,689","16561,571","1452347,35","1386877,524","1412708,2820000001","1348900,646","321081,157","1,0","1,0","1,0","1,0","1,0","6,389333333333333","1406662,79","8035200,0","40444,597","0,0","0,0","86129,204","67083,11499999999","1452347,3969999999",,,,,,,"1,0","0,9544812191291805","1,0","0,9544812191291805","0,9999591783651932","0,9617851540720829","1,0",,"1,0",1,1,1,1,1,1
2022-12-01,BVER,"1911,5410000000002","2247133,514","2247133,514","2249045,0549999997","170220,396","6745305,92","3968294,08","8491222,59","109234,416","34089,898","8274,52","17856,0","473203,448","733737,2679999999","35845,16","2611102,548","2381933,7309999997","2946780,882","2690830,6","197791,043","1,0","1,0","1,0","1,0","1,0","6,3255","2247133,514","10713600,0","109234,398","96844,348","0,0","473203,50899999996","276364,155","2611102,6229999997",,,,,,,"0,9772820767264525","0,8574799670918933","0,9770587532330193","0,8575726108629634","0,9817584360065711","0,7925648325492831","0,9797384538074991",,"0,9797384538074991",1,1,1,1,1,1
2022-12-01,CAMB,"51,5","722489,087","722489,087","722540,587","59222,635","11228164,0","2163836,0","12691998,0","29466,305","64423,637","2415,433","22320,0","31564,690000000002","15776,468","2587,309","724587,4720000001","708980,942","673841,9180000001","662946,517","59394,511","1,0","1,0","1,0","1,0","1,0","4,2177999999999995","722489,087","13392000,0","29466,305","9489,173999999999","0,0","31564,689","6117,355","724587,471",,,,,,,"0,9871328395895326","0,9788378099296544","0,9871437049869382","0,9788556798867972","0,9668926971326165","0,9477298387096774","0,9668926971326165",,"0,9668926971326165",1,1,1,1,1,1
2022-12-01,CARN,"-6513,874","5256095,424","5256095,424","5249581,55","499119,349","14929418,47","1140981,53","15846242,15","66207,845","45064,631","6287,191000000001","26784,0","272496,395","322655,816","25876,269","5462383,831","5387248,046","5533686,595","5466860,256","518708,46499999997","1,0","1,0","1,0","1,0","1,0","7,354500000000001","5256095,424","16070400,0","66207,793","73854,251","0,0","272496,147","38962,98","5462383,766",,,,,,,"0,9867233346813532","0,9789869514669693","0,9867233346813532","0,9789869514669693","0,9880538150886102","0,9860515077409399","0,9868541631548595",,"0,9868541631548595",1,1,1,1,1,1
2022-12-01,CASH,"0,0","1390531,209","1390531,209","1390531,209","144545,441","11980167,0","1411833,0","12679504,0","24533,72","12951,977","2550,2259999999997","22320,0","166078,598","199228,998","17263,893","1532076,0860000001","1438094,969","1576808,229","1502073,703","159259,107","1,0","1,0","1,0","1,0","1,0","5,9792000000000005",,,,,,,,,,,,,,,"0,9860193385929547","0,9231591116751031","0,9859514164248707","0,9231721529918178","0,9839285394265233","0,9467968936678615","0,0",,,1,1,1,1,1,1
2022-12-01,CDBO,"-12218,966","5159086,278","5159086,278","5146867,312","544232,005","18807307,37","2619892,63","19178080,39","78518,146","375333,54600000003","8282,872","35712,0","969534,2139999999","653342,201","102276,18400000001","6055853,774","5314535,449","5437094,933","4891174,118","638832,028","0,9995","0,9995","1,0","0,98725","0,98725","7,34125","5164394,537","21427200,0","78518,122","742030,517","0,0","969977,264","13058,2","6055853,6790000005",,,,,,,"0,8750893767754059","0,8723244097095034","1,0","0,8725054049582537","0,8951773619511649","0,8950343670661589","0,896379883095732",,"0,896379883095732",1,1,1,1,1,1
2022-12-01,CEFF,"-46,007000000000005","127547,826","127547,826","127501,819","5739,536","13381538,132","10461,867999999999","13385691,0","9995,074","23627,760000000002","449,768","22320,0","3388,4570000000003","736,624","152,473","2569155,402","2568732,9760000003","104656,69","104628,555","115610,515","0,1042","0,1042","1,0","0,10400000000000001","0,10400000000000001","5,3024000000000004",,,,,,,,,,,,,,,"0,9999823474575943","0,9966990292703611","1,0","0,9969633331505862","0,9998136200716846","0,9995288978494624","0,0",,,1,1,1,1,1,1
2022-12-01,CHAB,"-681,6510000000003","15143112,308","15143112,308","15142430,657","1419363,965","56352315,339","13286084,661","63212273,101","847581,818","1649411,26","79443,844","116064,0","1243691,247","1086784,127","116571,144","15540520,05","14929370,728","14580485,169","14036445,041","1456612,972","1,0","1,0","1,0","0,9956923076923077","0,9956923076923077","6,770576923076923","15143762,831","69638400,0","847418,258","768142,062","0,0","1292093,323","256076,302","15588437,904000001",,,,,,,"0,9624442856070227","0,9391528761953369","0,9623176174693494","0,939033552187147","0,9562258215337327","0,9079483647319057","0,9622358230101172",,"0,9622358230101172",1,1,1,1,1,1
2022-12-01,CHPI,"-10166,305999999993","13995265,737","13995265,737","13985099,431","1314855,183","50206614,519999996","8718185,48","54152725,52","396733,35","289885,914","37273,048","98208,0","2915561,216","3074321,761","273917,043","18261145,321","16389317,45","18554906,331","16870570,1","1715634,757","0,9408636363636362","0,9408636363636362","1,0","0,9384999999999999","0,9976363636363637","6,330500000000001","15477189,62","58924800,0","396747,268","741328,869","0,0","3207813,614","2020783,282","18288255,98",,,,,,,"0,957922316280728","0,8692897991076022","0,9386241278980841","0,8623789720219099","0,9694451193263145","0,9311509694289168","0,9705361270431107",,"0,9705361270431107",1,1,1,1,1,1
2022-12-01,CLA2,"-2108,524","950058,845","950058,845","947950,321","91585,726","5297071,21","59728,79","5298871,21","42205,94","6013,653","4068,652","8928,0","43149,183999999994","89392,769","4159,62","951002,1129999999","921821,592","1033437,9609999999","1004395,852","91676,69399999999","1,0","1,0","1,0","1,0","1,0","6,721500000000001","950058,845","5356800,0","42205,881","28992,788","0,0","43149,208999999995","239,72","951002,173",,,,,,,"0,9703941141610387","0,970149324906783","0,9703941141610387","0,970149324906783","0,9892807515681004","0,9891859337664277","0,9852382389257601",,"0,9852382389257601",1,1,1,1,1,1
2022-12-01,CLAN,"14937,009999999998","2872065,6950000003","2872065,6950000003","2887002,705","260208,86099999998","14693008,76","1377391,24","15152253,37","104992,523","54881,353","9512,334","26784,0","302508,118","298866,391","27407,298000000003","3633406,681","3377507,9280000003","3116050,736","2930490,207","329186,356","0,8598333333333333","0,8598333333333333","1,0","0,8298333333333333","0,8298333333333333","6,709999999999999","3434549,435","16070400,0","104992,541","78797,8","0,0","303849,773","196082,23","3633406,679",,,,,,,"0,9787856923839169","0,9126517679062126","0,9788787216575087","0,9262319650969277","0,9635922335473914","0,9428672198576263","0,968569398030673",,"0,968569398030673",1,1,1,1,1,1
2022-12-01,CONI,"0,0","1088992,0","1088992,0","1088992,0","105011,573","9923679,0","789921,0","10541788,0","16395,507","38613,187","1580,955","17856,0","85216,548","66105,463","8217,379","1157813,043","1144563,477","1116484,276","1109457,014","111647,997","1,0","1,0","1,0","1,0","1,0","5,84975","1088992,0","10713600,0","16395,507","13473,836000000001","0,0","85216,551","2588,669","1157813,044",,,,,,,"0,9881864978908377","0,985460433563318","0,9881898141995988","0,9854645151380375","0,9851872386499403","0,9839631869772999","0,9851848836858682",,"0,9851848836858682",1,1,1,1,1,1
2022-12-01,COUR,"1400,487","2038728,483","2038728,483","2040128,97","82672,35399999999","6912567,1","6479432,9","9887434,09","105353,746","26467,499000000003","11588,932","22320,0","804288,185","869779,15","88471,689","2737662,923","2010201,009","2882040,135","2254333,323","301142,865","1,0","1,0","1,0","1,0","1,0","6,9768","2038728,483","13392000,0","105353,773","48136,028000000006","0,0","804288,1989999999","721410,864","2737662,909",,,,,,,"0,7707605775468432","0,7255321180147172","0,7711277336231256","0,7259717132184429","0,7585875201612904","0,7383089971624851","0,9874884890754227",,"0,9874884890754227",1,1,1,1,1,1
2022-12-01,ERIZ,"1374,028","2614910,459","2614910,459","2616284,487","489376,42","9243425,67","4148574,33","12933589,79","115589,36499999999","68169,94099999999","13378,091","22320,0","236231,21899999998","238134,847","27143,731","2735552,325","2587647,807","2784875,365","2657263,727","503142,06799999997","1,0","1,0","1,0","1,0","1,0","6,7726","2614910,459","13392000,0","115589,414","81709,927","0,0","236231,19199999998","72332,768","2735552,236",,,,,,,"0,9719697405627632","0,9442193016837177","0,9720444103476594","0,9443678958397571","0,9757104077060933","0,9657698469235364","0,9782668874582148",,"0,9782668874582148",1,1,1,1,1,1
2022-12-01,ESPS,"834,256","3320532,124","3320532,124","3321366,38","245325,83299999998","7944694,43","5447305,57","12575727,139999999","134023,072","72273,211","11986,886999999999","22320,0","2005014,856","2179671,835","179326,538","5191523,901","4874195,613","5427930,745","5152758,7469999995","464324,71499999997","1,0","1,0","1,0","1,0","1,0","7,3768","3320532,124","13392000,0","134023,1","165518,95799999998","0,0","2005014,889","1748356,654","5191523,9120000005","3271375,0",,"300246,8","0,8645","0,9708","0,8694","0,9683709382843387","0,634277009643694","0,9683786650659171","0,6343663534784906","0,9511117831541218","0,9390477255077657","0,9665611427009295",,"0,9665611427009295",1,1,1,1,1,1
2022-12-01,FECA,"1223,783","850873,962","850873,962","852097,745","83921,697","9222922,666000001","4169077,334","10304121,64","117458,486","117780,231","11584,784","22320,0","306282,45","164194,75400000002","30208,669","1040618,115","768590,003","897288,485","842475,0889999999","102636,341","1,0","1,0","1,0","0,8286","0,8286","6,9096","850898,154","13392000,0","117458,486","271450,35099999997","0,0","307178,45","2622,221","1040618,118","831013,0","6,1","81962,6","0,67347","0,79527","0,73856","0,7559902558284376","0,7559659614834302","0,7564118730981111","0,756387649152426","0,7703571536489293","0,7694903850136484","0,7723032581586109",,"0,7723032581586109",1,1,1,1,1,1
2022-12-01,FIEN,"1474,3329999999999","2761082,6","2761082,6","2762556,933","303719,16000000003","11783359,0","1608641,0","12645570,0","70496,848","190577,472","7754,702","22320,0","370384,395","308404,775","40742,198000000004","3060970,1459999997","2794656,223","2878909,904","2642427,5640000002","336706,658","1,0","1,0","1,0","1,0","1,0","7,9762","2761082,6","13392000,0","70496,848","148199,197","0,0","370384,396","189969,5","3060970,147",,,,,,,"0,975386991783277","0,8908812999260676","0,9753882710000163","0,8908869711738276","0,9833581989247312","0,9442629928315412","0,9833581989247312",,"0,9833581989247312",1,1,1,1,1,1
2022-12-01,FITO,"881,255","412540,487","412540,487","413421,74199999997","20627,93","15747878,96","8357721,04","19757889,96","115164,682","7315,604","5758,482","40176,0","330177,247","229314,918","16508,301","627725,156","496385,044","634539,802","508293,779","31386,354","0,9995555555555556","0,9995555555555556","1,0","0,9592222222222221","0,9592222222222221","4,119888888888889","412584,735","24105600,0","114372,47","73125,95300000001","0,0","337324,724","123502,109","635536,987",,,,,,,"0,8819031090272691","0,6845194224463137","0,8822097582714897","0,6852823984663164","0,9000299498871632","0,8196390033851055","0,9715133925246469",,"0,9715133925246469",1,1,1,1,1,1
2022-12-01,FOGU,"-3808,965","3399787,502","3399787,502","3395978,537","40087,481","15752081,620000001","318318,38","15923851,620000001","82437,832","50883,795","6011,822","26784,0","143488,324","181818,44199999998","10463,882","3460837,98","3401902,673","3530722,149","3470106,699","252381,624","1,0","1,0","1,0","1,0","1,0","6,550333333333334","3399787,502","16070400,0","82437,803","5652,894","0,0","143488,276","59688,538","3460837,975",,,,,,,"0,9984824952509771","0,9811431215565452","0,9984824972948247","0,9811431469538835","0,9971523633512545","0,9908808505077659","0,9971304432477216",,"0,9971304432477216",1,1,1,1,1,1
2022-12-01,FRA1,"2,0","1009236,854","1009236,854","1009238,854","111016,03099999999","4975438,0","381362,0","5180511,0","20626,379","17928,968","2268,884","8928,0","63158,359000000004","68354,993","6947,415000000001","1051850,867","1007611,246","1059662,879","1017307,477","115703,583","0,999","0,999","1,0","0,999","0,999","7,608499999999999",,,,,,,,,,,,,,,"0,9871646494296274","0,9545499618207768","0,9871708153176082","0,9545625378737871","0,9885054510155317","0,9670906137992832","0,0",,,1,1,1,1,1,1
2022-12-01,FRA2,"0,333","1414745,071","1414745,071","1414745,404","155621,877","7428640,0","606560,0","7681137,0","29048,366","27253,527","3195,31","13392,0","83830,715","72436,663","9221,412","1469527,419","1416935,781","1459928,209","1426793,824","161647,976","1,0","1,0","1,0","1,0","1,0","7,305666666666667",,,,,,,,,,,,,,,"0,9660130339026868","0,9595396097006142","0,9660031229016074","0,9595428832331742","0,9645677767821585","0,9559360065710872","0,0",,,1,1,1,1,1,1
2022-12-01,GOUR,"8887,051","4168164,813","4168164,813","4177051,864","290757,38399999996","15010246,28","3738553,7199999997","15763959,82","185656,477","147325,589","13055,251","31248,0","859933,493","969161,6749999999","61282,091","4842441,829","4283278,518","4990000,899","4403264,124","338984,224","1,0","1,0","1,0","0,9998571428571429","0,9998571428571429","6,228714285714285","4168164,813","18748800,0","185656,51","226592,228","0,0","815700,524","428103,191","4798208,827",,,,,,,"0,9815906613719715","0,8563975135493416","0,9815906730331454","0,8563976045126075","0,9848212840288445","0,8407983348267623","0,983406616277796",,"0,983406616277796",1,1,1,1,1,1
2022-12-01,GRPL,"-9148,56","2989437,1969999997","2989437,1969999997","2980288,637","315146,378","14948405,484000001","1121994,516","15532823,229","177823,179","156472,235","18746,089","26784,0","197047,33500000002","227268,943","20772,72","3008661,346","2913301,897","3060233,91","2985732,153","317172,99","1,0","1,0","1,0","0,9876666666666667","0,9876666666666667","6,999","2989437,1969999997","16070400,0","177823,191","104679,669","0,0","197047,356","36997,249","3008661,381",,,,,,,"0,9702011621617536","0,9579385447134513","0,9703888171099563","0,9583687155648053","0,9672418365073437","0,9666930065347275","0,9753099290796561",,"0,9753099290796561",1,1,1,1,1,1
2022-12-01,GUIL,"2526,634","5365718,018","5365718,018","5368244,652","474554,529","11310237,59","2081762,4100000001","13187836,2","257338,053","128364,169","22763,378","22320,0","263456,96400000004","447898,777","23301,407","5371836,918","5213558,8549999995","5685252,625","5526869,075999999","475092,566","1,0","1,0","1,0","1,0","1,0","7,744","5365718,018","13392000,0","257254,749","6496,9490000000005","0,0","264358,441","173290,066","5372821,708000001",,,,,,,"0,9991486532452725","0,967619795851537","0,99914885950137","0,9676276406157345","0,9969833482676225","0,98475479390681","0,9990251326044598",,"0,9990251326044598",1,1,1,1,1,1
2022-12-01,HENI,"-3417,926","1347233,042","1347233,042","1343815,116","136218,854","7908521,06","126678,94","7932521,06","39752,494000000006","123076,269","4019,3559999999998","13392,0","25679,233","5524,119","2596,447","1333159,827","1330561,346","1229680,892","1227772,992","134795,945","1,0","1,0","1,0","1,0","1,0","6,522666666666666",,,,,,,,,,,,,,,"0,9980765545489757","0,9973436796437262","0,9980765545489757","0,9973436796437262","0,9874103979988051","0,9872213585225009","0,0",,,1,1,1,1,1,1
2022-12-01,HERO,"7218,748999999999","1428910,209","1428910,209","1436128,958","157180,128","7553172,194","3160427,806","7764788,966","64743,401","43092,043000000005","7121,738","17856,0","813529,1000000001","778080,35","89488,242","2333141,641","1564827,184","2163898,523","1445424,015","256645,68300000002","0,956","0,956","1,0","0,956","0,956","7,3027500000000005","1584355,973","10713600,0","64743,365999999995","503263,853","0,0","813531,694","284551,48","2333144,295",,,,,,,"0,7925141729297972","0,6446047841337466","0,7925141729297972","0,6678934654469951","0,8350963331653225","0,7247600214680406","0,8404536502982384",,"0,8404536502982384",1,1,1,1,1,1
2022-12-01,JADE,"1293,205","2828582,779","2828582,779","2829875,984","311144,135","10922828,2","2469171,8","12536326,15","157638,304","251543,783","17340,245","22320,0","338687,85000000003","271686,843","37255,629","3009632,291","2769132,491","2848725,842","2635043,425","331059,50800000003","1,0","1,0","1,0","1,0","1,0","7,6914","2828582,779","13392000,0","157638,361","224399,499","0,0","338687,831","35979,709","3009632,252",,,,,,,"0,933414144964674","0,9154424033787651","0,9224299459936539","0,9157065683344757","0,9421813387696581","0,9361475387188793","0,9529620116487455",,"0,9529620116487455",1,1,1,1,1,1
2022-12-01,JAVI,"-1421,886","2480101,164","2480101,164","2478679,278","187074,032","5988900,28","7403099,72","7029767,14","54564,182","37057,770000000004","4115,75","22320,0","2571120,347","221864,893","193939,615","4998114,005","2580228,842","2664908,287","2635816,284","377007,776","0,9998000000000001","0,9998000000000001","1,0","0,5302","0,5302","6,998333333333334","2481305,1709999996","13392000,0","54564,182","2398753,59","0,0","2571373,025","81421,957","4998114,016",,,,,,,"0,5168936900589012","0,49999250203120527","0,5169200164605858","0,5001393110728358","0,5290743727598566","0,524922874850657","0,5260006698244103",,"0,5260006698244103",1,1,1,1,1,1
2022-12-01,JONC,"0,0","0,0","0,0","0,0","0,0","2678400,0","34819200,0","2678400,0","0,0","0,0","0,0","62496,0","651364,527","0,0","61966,179","710579,484","59214,957","0,0","0,0","67599,468","0,7857142857142857","0,9285714285714286","0,8571428571428571","0,0","0,0","0,0","59214,957","37497600,0","0,0","355289,742","0,0","651364,527","296074,78500000003","710579,484",,,,,,,"0,5","0,0","0,5","0,08333333333333333","0,46153846153846156","0,07692307692307693","0,5",,"0,5",1,1,1,1,1,1
2022-12-01,LANE,"-3458,6369999999997","1767726,871","1767726,871","1764268,234","194450,039","9564325,464","3827674,536","12395405,789","71738,54800000001","110126,533","7891,244","22320,0","145841,731","131687,646","16042,576000000001","1841830,021","1742514,474","1789287,984","1707486,258","202601,373","1,0","1,0","1,0","0,9972","0,9972","5,5632","1767726,871","13392000,0","71738,572","35375,661","0,0","145841,692","67446,543","1841829,994",,,,,,,"0,9796823777452413","0,9450146528984049","0,9552551605975614","0,9450310038270282","0,9609315776583035","0,9255828695489845","0,9793296884363296",,"0,9793296884363296",1,1,1,1,1,1
2022-12-01,LAPI,"-583,854","777440,9180000001","777440,9180000001","776857,064","76842,281","5990312,692","4723287,308","8122782,44","35914,03","64869,305","3549,772","17856,0","265489,826","280266,87","26241,002","1007165,773","788559,993","992838,4839999999","746042,1440000001","99548,24799999999","1,0","1,0","1,0","0,99875","0,99875","5,097","777506,3470000001","10713600,0","35914,020000000004","175171,184","0,0","265573,402","49036,848","1007165,727",,,,,,,"0,816900295249216","0,7755549056002027","0,7897375456463607","0,776240465468761","0,8156695838933691","0,7581748842592593","0,8408422399498698",,"0,8408422399498698",1,1,1,1,1,1
2022-12-01,LBDF,"11049,406","1833046,892","1833046,892","1844096,298","256798,24300000002","12821661,68","3248738,32","13011836,7","45331,188","33407,126000000004","4986,433","26784,0","517341,147","266324,757","56907,573000000004","2305056,806","1822656,895","2065964,523","1864376,7349999999","308719,39","1,0","1,0","1,0","0,916","0,916","6,402166666666666","1833046,892","16070400,0","45331,179","64228,412000000004","0,0","517341,09500000003","423675,377","2305056,808",,,,,,,"0,8180302081004149","0,7897689103760885","0,8180422155652106","0,7897827826619395","0,8287851945191159","0,8096772140083631","0,9840864821548178",,"0,9840864821548178",1,1,1,1,1,1
2022-12-01,LDTE,"-1297,005","244934,068","244934,068","243637,063","25394,787","10985890,262","2406109,738","11136956,712000001","22334,741","27355,414","2315,6800000000003","22320,0","670618,261","89339,52","69529,703","3105482,045","2445763,3559999997","306921,793","236322,79","321976,409","0,509","0,509","1,0","0,3762","0,37679999999999997","4,5768","2457198,541","13392000,0","22334,739999999998","4021,006","0,0","670618,273","658209,422","3105482,075",,,,,,,"0,9969680161080671","0,7577257281917046","0,9971678382168716","0,7877078066720363","0,9965201501144796","0,9586115023498426","0,9993238785586722",,"0,9993238785586722",1,1,1,1,1,1
2022-12-01,LEPI,"-352,871","1983034,85","1983034,85","1982681,979","89235,568","12357804,483","1034195,517","12407815,763","102555,486","271693,766","4614,978","22320,0","265959,475","227340,339","11967,947","2154132,767","1926605,0389999999","1938681,419","1716405,3020000001","96934,76000000001","0,992","0,992","1,0","0,992","0,992","6,142","1990711,794","13392000,0","102555,485","176146,16","0,0","265976,453","52789,437","2154132,763",,,,,,,"0,9212700928316763","0,8964786856847508","0,9212873928592774","0,8968663351973993","0,9348725340501792","0,9265095402479092","0,9179352390340618",,"0,9179352390340618",1,1,1,1,1,1
2022-12-01,LERO,"5112,312","766745,189","766745,189","771857,501","35270,292","6600678,039999999","1434521,96","6677306,21","28009,276","22131,372","1288,392","13392,0","158036,794","169279,678","7269,711","897903,942","780662,6259999999","913893,494","799675,4500000001","41303,645000000004","0,999","0,999","0,9996666666666667","0,999","0,999","6,441333333333333","767876,423","8035200,0","27129,858","61350,937","0,0","155464,766","56207,081000000006","896211,331",,,,,,,"0,9429949765225476","0,8644460848397655","0,9195596501683322","0,8646236593458435","0,9001019912385503","0,831006846127041","0,893193077469106",,"0,893193077469106",1,1,1,1,1,1
2022-12-01,LOMO,"-16049,242","3689621,552","3689621,552","3673572,31","405858,4","18101004,9","8682995,1","22606106,689999998","96323,28","50905,665","10595,543","44640,0","1239527,085","1315673,56","136348,009","4853159,316","3843421,063","4954389,448","3961416,917","533847,614","0,9981","0,9981","1,0","0,9944","0,9944","6,8071","6060038,868","48384000,0","159446,582","1223334,135","0,0","1874495,179","404013,318","7775087,458",,,,,,,"0,8189695636915306","0,768295361442479","0,7994364978443667","0,7695819670122981","0,8609851695041817","0,8440153334080047","0,871988800018191",,"0,871988800018191",1,1,1,1,1,1
2022-12-01,LOPV,"0,0","1940089,398","1940089,398","1940089,398","102824,35500000001","15084276,0","986124,0","15859129,0","60821,67","37116,967","3223,612","26784,0","76774,38","126117,256","4068,922","1956042,108","1946114,392","2029089,687","2020083,213","103669,679","1,0","1,0","1,0","1,0","1,0","6,236","3024648,9359999998","25920000,0","98432,876","29739,686","0,0","113823,112","8664,725","3040039,172",,,,,,,"0,9988329943963901","0,9857136007806896","0,9988331580484038","0,9857156041969497","0,9934113027678216","0,9868534075069694","0,9921596502598196",,"0,9921596502598196",1,1,1,1,1,1
2022-12-01,LORO,"-21136,538","7745839,592","7745839,592","7724703,054","547679,246","31701636,466","3117563,534","34195341,888","559375,773","545169,43","39674,662","58032,0","1231496,167","1238496,112","86528,052","10062747,665","9908841,475","8439166,291","8302370,84","713297,129","0,8751538461538461","0,8751538461538461","1,0","0,8723076923076923","0,8723076923076923","5,905846153846154","9191391,54","34819200,0","559375,9","174110,264","0,0","1431531,389","1153371,038","10063547,101",,,,,,,"0,8921520995771745","0,8727097993562871","0,892353435983185","0,8907890612269066","0,9822113198465213","0,9820829280397021","0,9884283699864146",,"0,9884283699864146",1,1,1,1,1,1
2022-12-01,LOU2,"0,0","306482,34","306482,34","306482,34","16243,507","2427981,0","250419,0","2541114,0","11894,601","9021,2","630,434","4464,0","16429,127","22467,401","870,716","311016,866","300584,045","319928,542","309069,711","16483,77","1,0","1,0","1,0","1,0","1,0","6,106","477400,003","4320000,0","19619,851","1976,52","0,0","29679,442000000003","20032,307999999997","487459,594",,,,,,,"1,0","0,9640676955092613","1,0","0,9640737428996519","1,0","0,9487432795698925","1,0",,"1,0",1,1,1,1,1,1
2022-12-01,LUC2,"0,0","731091,144","731091,144","731091,144","70374,559","10216714,0","3175286,0","13035576,0","24028,915999999997","66711,236","2312,895","22320,0","44842,421","16647,465","4316,47","751904,651","738783,068","681027,373","674773,356","72378,133","1,0","1,0","1,0","1,0","1,0","4,0468","731091,144","13392000,0","24028,915999999997","8510,771","0,0","44842,419","5571,41","751904,647",,,,,,,"0,9890859181874078","0,9810750445285733","0,9891015436051719","0,9811021389136518","0,9893691009557946","0,9733853046594982","0,9893669897570014",,"0,9893669897570014",1,1,1,1,1,1
2022-12-01,LUCO,"0,0","0,0","0,0","0,0","0,0","0,0","16070400,0","2678400,0","0,0","0,0","0,0","26784,0","0,0","0,0","0,0","0,0","0,0","0,0","0,0","0,0","0,0","0,8333333333333334","0,0","0,0","0,0","3,8","0,0","16070400,0","0,0","0,0","0,0","0,0","0,0","0,0","572898,0","3,8","42016,34","0,98576","0,98885","0,98618",,,,"0,98576","1,0","1,0","1,0",,"1,0",1,1,1,1,1,1
2022-12-01,MACH,"-493,298","1972933,208","1972933,208","1972439,9100000001","217022,655","9493227,9","1220372,1","9497579,92","49229,630000000005","76338,756","5415,238","17856,0","507363,28900000005","401529,984","55809,94900000001","2432722,438","1951814,566","2298124,4359999998","1916048,358","267599,486","0,99975","0,99975","1,0","0,966","0,966","7,338","1973575,798","10713600,0","49229,634000000005","60864,555","0,0","508376,349","420622,143","2432722,5130000003",,,,,,,"0,9750965908583545","0,8038287202593865","0,9754441695108187","0,8041606294291349","0,9798042553390085","0,8864975283751494","0,9783399775336995",,"0,9783399775336995",1,1,1,1,1,1
2022-12-01,MAUR,"-3317,507","1903789,141","1903789,141","1900471,634","209416,824","10750270,16","2641729,84","12108291,05","75700,34","59306,322","8327,009","22320,0","296443,017","303911,892","32608,75","2124531,856","1876415,3360000001","2148394,715","1918076,252","233698,566","1,0","1,0","1,0","1,0","1,0","6,3242","1903789,141","13392000,0","75700,27","42202,99","0,0","296442,993","219072,022","2124531,868",,,,,,,"0,976873013277843","0,8793168270053701","1,0","0,8793235056409918","0,9878248178016727","0,9041435969235365","0,9908929844984379",,"0,9908929844984379",1,1,1,1,1,1
2022-12-01,MTAR,"-125348,776","8502107,704","8502107,704","8376758,928","790125,539","52751148,0","11530452,0","58753258,0","624761,263","423789,982","58139,003","107136,0","1579281,675","1587161,697","147069,645","9456628,116","8417561,039","9665479,421","8700004,131000001","879056,18","1,0","1,0","1,0","1,0","1,0","5,9605",,,,,,,,,,,,,,,"0,973734782749121","0,8660453126770871","0,9737366803115557","0,8660559425096506","0,9737156355784548","0,9139980647650339","0,0",,,1,1,1,1,1,1
2022-12-01,MTL1,"-4120,9439999999995","2412987,953","2412987,953","2408867,009","265428,722","12680520,95","3389879,05","12870624,45","78467,942","33063,011","8631,441","26784,0","424852,124","553313,056","46733,621","2761373,776","2421249,137","2933238,006","2539576,332","303751,083","0,9988333333333334","0,9988333333333334","1,0","0,9951666666666666","0,9951666666666666","6,8468333333333335","2414288,489","16070400,0","78467,968","42815,016","0,0","425553,248","316748,747","2761373,778",,,,,,,"0,986136910109786","0,8703099841476644","0,9867848916281399","0,8705712812161016","0,978511744573875","0,8008901116338112","0,9864315687996006",,"0,9864315687996006",1,1,1,1,1,1
2022-12-01,NIED,"-1156,67","2328233,606","2328233,606","2327076,936","116411,77","15621382,191","449017,809","15639691,879","134956,465","440307,739","6747,87","26784,0","112719,541","79375,889","5636,035","2466680,059","2382630,264","1967301,756","1888869,645","123334,261","0,6670000000000001","0,6670000000000001","1,0","0,6670000000000001","0,6670000000000001","7,225833333333334","2488916,9960000003","16070400,0","134956,356","17009,002","0,0","112719,617","67763,394","2466680,258",,,,,,,"0,9931287605028516","0,9648685563354114","0,9931287605028516","0,9650253566500945","0,9811053376393867","0,9731986682969933","0,9811053376393867",,"0,9811053376393867",1,1,1,1,1,1
2022-12-01,NIPL,"-1230,21","788322,757","788322,757","787092,547","64973,579","5103999,811000001","2931200,189","7149411,711","22997,542","71229,337","1895,4389999999999","13392,0","129294,58499999999","90925,909","10656,421","894619,798","809962,062","808019,328","737520,25","73734,55900000001","1,0","1,0","1,0","1,0","1,0","5,167","788322,757","8035200,0","22997,539","4770,445000000001","0,0","129294,595","83373,38900000001","894619,812",,,,,,,"0,991466438388166","0,8991028412648342","0,9914943798286239","0,8994332065172165","0,9877567581391876","0,8897615132168459","0,9976009743288005",,"0,9976009743288005",1,1,1,1,1,1
2022-12-01,NOUR,"-1739,669","1873997,007","1873997,007","1872257,338","206139,646","11980925,15","1411074,85","12907440,1","59245,648","93377,412","6516,977000000001","22320,0","164529,523","177066,938","18098,245000000003","1979280,9070000001","1845625,355","1957686,5320000001","1821962,853","217720,90600000002","1,0","1,0","1,0","1,0","1,0","6,714799999999999","1873997,007","13392000,0","59245,657999999996","108775,897","0,0","164529,593","26373,439","1979280,941",,,,,,,"0,9464051284450147","0,9330824045563908","0,9460272529397282","0,9327329589794499","0,9716048867327508","0,9639702406042948","0,9737060408099525",,"0,9737060408099525",1,1,1,1,1,1
2022-12-01,NURL,"-1681,059","1843246,816","1843246,816","1841565,757","189964,988","10171953,97","541646,03","10375536,12","39405,2","80812,312","4061,0699999999997","17856,0","214510,392","198012,92200000002","22107,394","2018352,033","1854940,722","1960447,4270000001","1797036,448","208011,312","1,0","1,0","1,0","0,99975","0,99975","6,6115","1843246,816","10713600,0","39405,18","20589,970999999998","0,0","214510,427","157504,019","2018352,062",,,,,,,"0,99501500195307","0,911893137989043","0,99501500195307","0,911893137989043","0,9945372246490441","0,9684453517025089","0,9934957143950409",,"0,9934957143950409",1,1,1,1,1,1
2022-12-01,OUPI,"-2163,231","948390,004","948390,004","946226,773","104322,977","23605286,162","500313,838","23838086,162","157425,971","157859,082","17316,247","40176,0","11347,974","10255,227","1248,4360000000001","815137,38","811059,474","800930,849","797846,174","89666,095","0,99","0,99","1,0","0,9898888888888889","0,9898888888888889","4,856333333333334","961858,096","24105600,0","157425,971","3889,634","0,0","11347,975","644,596","815780,1","935886,0","4,9","206858,6","0,99778","0,99743","0,99699","0,9954970729907756","0,9952387302170161","0,9954999132559832","0,995304964173084","0,9899051676788795","0,988902419437807","0,995382917330736",,"0,995382917330736",1,1,1,1,1,1
2022-12-01,PAAN,"3181,765","5566887,954","5566887,954","5570069,7190000005","487990,157","10920186,4","5150213,6","14322074,48","243157,739","355287,94899999996","21313,737","26784,0","695067,492","553159,327","60935,852","6018797,768","5522703,048","5764759,33","5351299,145","527612,274","1,0","1,0","1,0","0,9895","0,9895","6,232166666666667","5566887,954","16070400,0","243157,711","309297,455","0,0","695067,446","199717,918","6018797,682",,,,,,,"0,9471135567864981","0,9158747202956197","0,9414439136035875","0,9162239161243062","0,918626311106133","0,8912083383114298","0,9303846054677132",,"0,9303846054677132",1,1,1,1,1,1
2022-12-01,PAMP,"-718,701","225482,184","225482,184","224763,483","22376,853","12558254,77","833745,23","12558982,77","6650,216","22751,322","659,971","22320,0","17419,458","15410,293","1728,729","627639,55","616755,299","218141,155","207075,47100000002","62287,237","0,719","0,719","0,8902000000000001","0,7125999999999999","0,7125999999999999","0,9972","616870,32","13392000,0","6650,218999999999","4032,049","0,0","17419,449","6852,201","627639,55",,,,,,,"0,9829415289019358","0,9539517909977363","0,9829415289019358","0,9539517909977363","0,9781272289426522","0,9377973991935483","0,9913162066831682",,"0,9913162066831682",1,1,1,1,1,1
2022-12-01,PCR1,"-3495,956","1631958,325","1631958,325","1628462,369","186794,802","21677788,0","5106212,0","22710908,0","28094,597999999998","42328,478","3090,636","44640,0","158175,373","180008,074","17399,354","1762039,101","1713928,293","1769637,922","1732076,0729999999","201103,51799999998","1,0","1,0","1,0","1,0","1,0","7,1369","1631958,325","26784000,0","28062,099000000002","47871,954","0,0","159115,236","34339,824","1763011,458",,,,,,,"0,9907762294350749","0,9525584867784479","0,9907769410006256","0,9525621446283365","0,9856353793309438","0,8479281660692951","0,9855806407860365",,"0,9855806407860365",1,1,1,1,1,1
2022-12-01,PDCE,"-2513,87","2504332,216","2504332,216","2501818,346","245294,215","10838176,685","5232223,3149999995","13962105,702","88889,152","97805,83899999999","8709,393","26784,0","428935,561","417995,094","42117,497","2844378,6210000003","2550703,756","2824521,459","2548295,517","278702,325","1,0","1,0","1,0","0,9888333333333333","0,9888333333333333","6,104","2504332,216","16070400,0","88889,16399999999","383313,332","0,0","428935,538","9207,668000000001","2844378,588",,,,,,,"0,8987199906332484","0,8644499749702741","0,8987580940711614","0,8645009024364746","0,8757352330993629","0,8688088474462365","0,887296290369011",,"0,887296290369011",1,1,1,1,1,1
2022-12-01,PDFE,"-4145,76","1969971,779","1969971,779","1965826,019","204305,772","10638383,27","75216,73","10697783,27","65861,70999999999","218168,36","6830,529","17856,0","64570,967","20591,953","6696,674","1968681,103","1964608,346","1772395,372","1768432,068","204171,91700000002","1,0","1,0","1,0","1,0","1,0","6,43225",,,,,,,,,,,,,,,"1,0","0,996460189364605","0,9979924635958464","0,996460189364605","1,0","0,9985236773820191","0,0",,,1,1,1,1,1,1
2022-12-01,PEMO,"-660,19","874920,069","874920,069","874259,879","73974,471","5639348,398","2395851,602","6991374,505","159494,422","87647,186","13485,253","13392,0","210362,246","111171,847","17786,169","925861,532","755357,47","898444,725","811010,025","78281,611","1,0","1,0","1,0","0,9203333333333333","0,9203333333333333","5,734666666666667","874993,735","8035200,0","159494,436","18071,47","0,0","210362,25900000002","154697,594","925861,557",,,,,,,"0,9303169960866118","0,8347429114245875","0,9304773395317233","0,83513479402108","0,9234003347769812","0,8700934021555157","0,982413605692744",,"0,982413605692744",1,1,1,1,1,1
2022-12-01,PEZI,"-162016,848","3684195,711","3684195,711","3522178,863","355930,248","85871827,64","7872172,36","89086878,42999999","147728,414","152085,093","14271,981","156240,0","484648,399","638547,87","46821,926","4022359,954","3795023,245","4171731,323","3939017,012","388600,379","0,9997714285714285","0,9997714285714285","1,0","0,9995714285714286","0,9998","3,4615142857142858","3685439,932","93744000,0","147768,079","153223,938","0,0","488211,48000000004","113617,227","4025883,344",,,,,,,"0,9626425611453066","0,9333378817557437","0,9627588858286498","0,9335661243840925","0,9818590607398873","0,9503208571215224","0,969517428264113",,"0,969517428264113",1,1,1,1,1,1
2022-12-01,PLEU,"-1282,935","2321978,51","2321978,51","2320695,575","242971,81699999998","11884197,681","1507802,3190000001","12325249,945","137951,483","170564,721","14435,269","22320,0","461343,24100000004","206007,93600000002","48274,981","2645370,278","2266735,159","2357421,721","2217197,651","276811,524","1,0","1,0","1,0","0,9618","0,9618","6,6457999999999995","2321978,511","13392000,0","137951,485","28538,792999999998","0,0","461343,218","391266,53","2645370,244",,,,,,,"0,9861121395493818","0,8515319863636214","0,9797216716626155","0,8468942021041105","0,9830316294592898","0,9266352069429545","0,9906925424105902",,"0,9906925424105902",1,1,1,1,1,1
2022-12-01,PLGR,"0,0","635464,37","635464,37","635464,37","48733,827000000005","9551621,0","1161979,0","10627222,0","23069,506","56417,875","1769,237","17856,0","17881,672","4853,597","1371,364","630276,538","629368,9619999999","583900,092","583315,58","48335,954","1,0","1,0","1,0","1,0","1,0","4,4407499999999995","635464,37","10713600,0","23069,506","194,446","0,0","17881,674","713,129","630276,538",,,,,,,"0,9996942369442874","0,9985728520460619","0,9996944459899243","0,9985738277658142","0,9953870781063321","0,9919375373357229","0,9953870781063321",,"0,9953870781063321",1,1,1,1,1,1
2022-12-01,POUZ,"0,0","0,0","0,0","0,0","0,0","15924584,0","145816,0","15924584,0","0,0","0,0","0,0","26784,0","0,0","0,0","0,0","0,0","0,0","0,0","0,0","0,0","0,0","0,009","0,0","0,0","0,0","0,0","0,0","16070400,0","0,0","0,0","0,0","0,0","0,0","0,0",,,,,,,,,,"0,0","0,9909264237355635","0,9909264237355635","0,9909264237355635",,"0,9909264237355635",1,1,1,1,1,1
2022-12-01,QVA3,"-2096,483","3856723,117","3856723,117","3854626,634","369242,625","20637627,543","789572,457","21244825,436","231625,518","231631,045","22175,706000000002","35712,0","270576,144","275420,165","25904,989999999998","3898336,124","3886249,5270000002","3900512,238","3883581,5810000002","373226,808","1,0","1,0","1,0","1,0","1,0","6,051625","3859385,5470000003","21427200,0","231625,57200000001","52925,754","0,0","270576,102","128851,416","3898336,0779999997",,,,,,,"0,955756169503608","0,954988898041591","0,9772233966170505","0,9550185950393816","0,9916771209957437","0,9914886422864397","0,9916771209957437",,"0,9916771209957437",1,1,1,1,1,1
2022-12-01,RAM1,"16999,63","2381152,046","2381152,046","2398151,676","345256,555","13239472,940000001","2830927,06","13577270,33","93541,297","117457,427","10289,526","26784,0","678693,496","666056,014","74656,277","2969255,0409999997","2384941,978","2929750,619","2358199,968","409947,886","0,9978333333333333","0,9981666666666666","0,999","0,9855","0,9855","6,632666666666666","2383882,352","16070400,0","93541,245","276509,233","0,0","678913,939","348305,686","2969255,056",,,,,,,"0,9131053244478319","0,7921311771772119","0,9131754242248","0,7922851510411241","0,9303705470927917","0,8448620028126245","0,9216813450855241",,"0,9216813450855241",1,1,1,1,1,1
2022-12-01,RAM2,"14445,008","5725129,216","5725129,216","5739574,224","606462,759","26584985,062","8234214,938","31312971,549","193679,678","214682,834","20516,524","58032,0","1010056,964","847528,763","106995,377","6541506,635","5739035,784","6357975,263","5710572,225","692941,632","1,0","1,0","1,0","0,9747692307692308","0,9747692307692308","6,673307692307692","5725129,216","34819200,0","194232,289","187422,51700000002","0,0","926335,675","664082,688","6457232,645",,,,,,,"0,9557045518841943","0,8595870257300111","0,9557059988446053","0,8595916069150688","0,9595083611053671","0,8993018664702233","0,9806491325716401",,"0,9806491325716401",1,1,1,1,1,1
2022-12-01,RIBE,"-1886,249","1854025,851","1854025,851","1852139,602","425005,64800000004","11959869,28","1432130,72","12195477,45","55305,609","78766,799","6083,58","22320,0","286735,10599999997","264435,315","31540,854","2095767,352","1844474,401","2039694,369","1818159,973","451597,24600000004","0,9945999999999999","0,9949999999999999","0,9965999999999999","0,9795999999999999","0,9795999999999999","5,7448","1864253,48","13392000,0","55305,611","98739,905","0,0","286819,488","157638,88","2095767,357",,,,,,,"0,9543413506477536","0,8785789561776924","0,9543117380632669","0,8789968957530847","0,9575300327222197","0,9111029517235196","0,967525792781429",,"0,967525792781429",1,1,1,1,1,1
2022-12-01,RIOL,"-727,967","16485,125","16485,125","15757,158","824,279","3962521,349","6751078,651","5500073,142","5745,875","6510,044","287,28","17856,0","167693,741","1471,873","8385,327000000001","232989,323","68263,951","11446,954","10557,883","11650,351","0,84275","0,84275","1,0","0,371","0,371","2,2642499999999997","71041,457","10713600,0","5745,875","486,544","0,0","167693,742","164238,829","232989,324","242875,0",,"12143,8","0,99752","0,9972","0,99533","0,9851907194906122","0,9349138584075627","0,3013550816344907","0,30132083169341856","0,9737805803019054","0,9721909608654152","0,9974274570644719",,"0,9974274570644719",1,1,1,1,1,1
2022-12-01,RODU,"69494,304","1008663,112","1008663,112","1078157,416","48415,791","9877269,09","836330,9099999999","10108126,24","17209,494","5223,437","826,0540000000001","17856,0","240471,46400000004","285978,655","11542,625","1231984,834","1056191,104","1289486,747","1103562,423","59135,232","0,99975","0,99975","1,0","0,99975","1,0","6,16475","1008722,913","10713600,0","17209,44","155890,349","0,0","239652,155","28275,364","1231165,6269999999",,,,,,,"0,8756092592150647","0,845007740044759","0,8756235280085258","0,845025519028427","0,956557535282258","0,9434854988052569","0,9483989776690293",,"0,9483989776690293",1,1,1,1,1,1
2022-12-01,ROUS,"3361,911","4713389,4629999995","4713389,4629999995","4716751,374","357887,747","10211708,73","3180291,27","13084985,51","174008,53100000002","479475,393","13212,442000000001","22320,0","403038,474","282712,002","30602,720999999998","4942419,389","4800262,614","4516626,072","4384660,962","375278,026","1,0","1,0","1,0","1,0","1,0","6,281000000000001","4713389,4629999995","13392000,0","174705,713","54996,740999999995","0,0","403728,309","127047,66","4942412,057",,,,,,,"0,9955699927565861","0,9627578619448772","0,9955909718019672","0,9629342282536445","0,9964587111708482","0,9770747841995221","0,9956110306950006",,"0,9956110306950006",1,1,1,1,1,1
2022-12-01,SACB,"-2454,464","1677424,4849999999","1677424,4849999999","1674970,021","184516,727","10494318,57","219281,43","10562654,629999999","58889,570999999996","31144,4","6477,848","17856,0","59163,64","139436,93099999998","6508,072","1680155,3360000001","1668223,1639999999","1785717,016","1775247,9789999998","184817,192","0,99375","0,99375","1,0","0,99375","0,99375","6,0775","1679881,267","10713600,0","58889,570999999996","5574,649","0,0","59163,641","16301,368","1680155,337",,,,,,,"0,9994382266883437","0,9871264582178805","0,9990601804022053","0,9871268941897637","0,9981599219683394","0,9859108637619474","0,997579678766926",,"0,997579678766926",1,1,1,1,1,1
2022-12-01,SACS,"-4795,3150000000005","815497,1440000001","815497,1440000001","810701,829","89704,714","5142176,26","214623,74","5295399,279999999","12994,238000000001","22226,066","1429,4630000000002","8928,0","62968,615","81336,40699999999","6926,683999999999","866518,7220000001","863831,9990000001","874607,485","872349,463","95317,12599999999","0,9964999999999999","0,9964999999999999","1,0","0,9964999999999999","0,9964999999999999","6,015000000000001","816544,345","5356800,0","12994,238000000001","9216,871","0,0","62968,615","7186,041","866518,7220000001",,,,,,,"0,9989760825307603","0,980282592984944","0,9988974661158095","0,980282592984944","0,9979331186529271","0,9885377986857824","0,9989013653741126",,"0,9989013653741126",1,1,1,1,1,1
2022-12-01,SACU,"-44593,138999999996","8516060,061999999","8516060,061999999","8471466,923","936766,877","41404115,06","12163884,94","51420689,21","364731,42","455157,06","40120,496","89280,0","669219,889","643536,4299999999","73614,285","8828742,543","8419025,713","8704439,45","8407736,861","971162,026","0,9971500000000001","0,9971500000000001","1,0","0,9957","0,9957","6,0924","8520483,048","53568000,0","364880,781","368530,131","0,0","676927,431","226834,37099999998","8832529,686999999",,,,,,,"0,9616575555569217","0,9354657100668801","0,9613445890034109","0,935480029558127","0,9726816155494816","0,9600003213026854","0,9710913033749062",,"0,9710913033749062",1,1,1,1,1,1
2022-12-01,SAMI,"-239,676","1781851,522","1781851,522","1781611,846","196003,65","14351842,547","1718557,453","15036139,034","76248,347","418506,493","8387,389","26784,0","328858,299","286948,247","36174,254","2054569,971","1885328,649","1650293,271","1461370,891","226002,439","0,9935","0,9935","1,0","0,9931666666666666","0,9931666666666666","6,37","1801960,024","16070400,0","76248,348","166312,434","0,0","328858,302","100972,542","2054569,975",,,,,,,"0,9187198088093449","0,8693791116133917","0,9187882384609781","0,8696165352754116","0,9372070398994424","0,9356418654171644","0,9251082427913265",,"0,9251082427913265",1,1,1,1,1,1
2022-12-01,SAPN,"-6265,885","1296717,665","1296717,665","1290451,78","142638,983","5979202,67","2055997,33","7849258,12","42290,99","25038,212","4652,013999999999","13392,0","93340,122","127906,368","10267,467","1347766,8229999999","1325226,598","1399585,8199999998","1376396,209","148254,438","1,0","1,0","1,0","1,0","1,0","6,282666666666667","1296717,665","8035200,0","42290,933000000005","1561,114","0,0","93340,12","74894,931","1347766,852",,,,,,,"0,9993517532075206","0,9443216489828042","0,9992928405287413","0,9443216489828042","0,998129118130227","0,9768590850258861","0,9974157268951195",,"0,9974157268951195",1,1,1,1,1,1
2022-12-01,SAUV,"-4716,678","2515030,574","2515030,574","2510313,896","134554,059","12969589,58","3100810,42","14789317,63","42690,29","7192,834","2283,929","26784,0","468921,347","688422,1359999999","25087,209","2941321,745","2626193,896","3196259,874","2875634,082","157360,57","1,0","1,0","1,0","0,988","0,988","7,8185","2515035,778","16070400,0","42690,288","153869,544","0,0","468976,244","262627,01300000004","2941321,7199999997",,,,,,,"0,947930639959361","0,8579118005783893","0,8973618016178105","0,8579411222523985","0,9453428919006372","0,9202831062076863","0,9427440594059406",,"0,9427440594059406",1,1,1,1,1,1
2022-12-01,SERY,"-499,147","1931496,97","1931496,97","1930997,8229999999","432342,49100000004","7949245,04","2764354,96","7974151,0600000005","62706,056","97520,417","6897,713","17856,0","216743,601","107786,239","23841,71","2085706,074","1885095,3630000001","1941762,792","1849057,821","449305,361","0,99875","0,99975","0,999","0,83925","0,83925","7,125500000000001","1931565,162","10713600,0","62706,054000000004","106636,593","0,0","216846,991","95720,533","2085706,098",,,,,,,"0,9242080778042847","0,9051682442088388","0,9242528581882631","0,9052121020613226","0,7918963485663083","0,744301734244325","0,8531765681844514",,"0,8531765681844514",1,1,1,1,1,1
2022-12-01,SOUR,"-9827,464","4612056,876","4612056,876","4602229,4120000005","472182,404","25182198,37","6958601,63","31112993,919999998","159112,029","440074,879","16289,849","53568,0","887919,788","744820,79","90905,246","5381257,866","5181845,834","4916802,785","4756032,134","550933,252","0,996","0,996","1,0","0,9866666666666667","0,9866666666666667","6,365916666666667","4652360,73","32140800,0","159112,095","31876,537","0,0","885200,2119999999","786459,366","5378448,845",,,,,,,"0,9840722361925253","0,8618724253269368","0,9825717222018392","0,861727600249221","0,980380165199164","0,9690498842920636","0,996148700646615",,"0,996148700646615",1,1,1,1,1,1
2022-12-01,STAU,"1435,933","2213834,018","2213834,018","2215269,951","80968,614","8656083,43","4735916,57","12394420,614","63258,798","13898,527","3999,1890000000003","22320,0","355210,993","522872,171","22456,374","2505786,213","2217872,316","2722807,662","2439074,0039999997","158415,81","1,0","1,0","1,0","1,0","1,0","6,7736","2213834,018","13392000,0","63258,772000000004","132269,83500000002","0,0","355210,976","158104,55099999998","2505786,222",,,,,,,"0,8990081884254314","0,8837822001798447","0,8992369387888569","0,8840454379961675","0,930948052120669","0,9255093051075269","0,9640506821240671",,"0,9640506821240671",1,1,1,1,1,1
2022-12-01,STEN,"-2418,332","2080918,637","2080918,637","2078500,305","228901,078","10758153,02","2633846,98","13176153,02","87765,80600000001","97122,28600000001","9654,259","22320,0","81585,033","82289,878","8974,427","2075173,072","2029640,985","2066086,229","2032948,824","228269,126","0,9998000000000001","0,9998000000000001","1,0","0,9949999999999999","0,9949999999999999","6,1015999999999995","2081353,835","13392000,0","87765,813","29256,553999999996","0,0","81585,03899999999","16384,246","2075173,061",,,,,,,"0,9858876754828532","0,9790808261741931","0,9853373432960213","0,9785377261578334","0,9861081742546454","0,9840587485809882","0,9873400008493651",,"0,9873400008493651",1,1,1,1,1,1
2022-12-01,STMB,"8385,943","1419127,311","1419127,311","1427513,254","63860,542","4286702,5","1070097,5","4545617,38","67807,817","108959,065","3051,33","8928,0","475463,91000000003","439080,54099999997","21395,836000000003","1826783,429","1378180,0729999999","1749248,7850000001","1320826,6099999999","82205,052","1,0","1,0","1,0","0,996","0,996","8,407499999999999","1419127,311","5356800,0","67807,81","355800,579","0,0","475463,899","102653,887","1826783,403",,,,,,,"0,8107232842593164","0,7557185703381307","0,8108074457146638","0,7558271574528129","0,8999377184139783","0,8485695527180406","0,8999377184139783",,"0,8999377184139783",1,1,1,1,1,1
2022-12-01,STME,"-4392,095","1212597,987","1212597,987","1208205,892","55779,481","8773569,64","1940030,3599999999","9057529,79","26321,498","18045,172000000002","1210,759","17856,0","324385,84400000004","409276,76300000004","14921,769","1510662,348","1218680,163","1603829,577","1298730,275","69490,489","1,0","1,0","1,0","1,0","1,0","6,6665","1212597,987","10713600,0","26321,52","139842,763","0,0","324385,82999999996","152905,382","1510662,298",,,,,,,"0,9076259365511081","0,8055106723604255","0,9076079951741012","0,8055276869742058","0,9639454730436082","0,8454235541741337","0,9538101082855603",,"0,9538101082855603",1,1,1,1,1,1
2022-12-01,STSI,"37124,447","683663,372","683663,372","720787,819","0,0","3075000,0","7638600,0","4803000,0","658240,903","44714,148","72406,504","17856,0","1047273,1849999999","1388871,029","115200,031","1057008,905","14913,825","2010137,538","660144,717","116270,958","0,9924999999999999","1,0","0,9924999999999999","0,984","0,984","6,35925","667976,623","10713600,0","658240,903","597437,53","0,0","1047273,1849999999","444657,55","1057008,905",,,,,,,"0,3864629829862915","0,3864629829862915","1,0","0,3899011282542444","0,4446514253457522","0,4446514253457522","0,6999327956989247",,"0,6999327956989247",1,1,1,1,1,1
2022-12-01,TAIL,"-42541,892","4096948,188","4096948,188","4054406,296","373613,037","19567430,0","4538170,0","20957822,0","234268,908","59397,661","21363,702","40176,0","1000672,113","1213365,293","91254,259","4863351,39","3973091,287","5250915,816000001","4336924,384","443503,588","1,0","1,0","1,0","1,0","1,0","7,059555555555556","4096948,187","24105600,0","234309,652","44830,65","0,0","991729,0700000001","862376,291","4854367,604",,,,,,,"0,9961135235976063","0,8171732020747672","0,9940459248539986","0,8172382645698736","0,9949505094251958","0,8694171478826497","0,9949505094251958",,"0,9949505094251958",1,1,1,1,1,1
2022-12-01,TLGR,"-6984,972","4023687,9639999997","4023687,9639999997","4016702,992","273409,505","10082150,24","631449,76","10535642,27","184329,174","59931,742","12525,09","17856,0","218983,066","363787,403","14879,970000000001","4058341,8559999997","3976135,383","4327543,625","4237746,938","275764,385","1,0","1,0","1,0","1,0","1,0","7,145","4023687,9639999997","10713600,0","184329,174","3301,759","0,0","218983,065","121791,88699999999","4058341,855",,,,,,,"0,9997084110817751","0,9698474987619148","0,9997084168989634","0,9698481003029108","0,9990988127240142","0,9833895487977897","0,9994171515370995",,"0,9994171515370995",1,1,1,1,1,1
2022-12-01,TRAY,"3391,018","2092609,9810000001","2092609,9810000001","2096000,999","215894,574","10814989,2","2577010,8000000003","10965143,59","96286,215","164236,872","9933,822","22320,0","685987,15","611468,72","70773,33","2682759,945","2077578,389","2539841,823","1993581,8290000001","276780,407","1,0","1,0","1,0","0,9776","0,9776","6,8132","2092705,887","13392000,0","96286,23800000001","191340,101","0,0","686340,331","449530,602","2682759,9729999998",,,,,,,"0,9364542870907918","0,7655469430698122","0,9365755077252041","0,7656466620424942","0,9492825552568698","0,8187831235065711","0,9482450187603978",,"0,9482450187603978",1,1,1,1,1,1
2022-12-01,TRFR,"-888,069","724883,15","724883,15","723995,081","66819,697","5033899,978","3001300,022","6510030,852","42233,941","102545,06599999999","3893,1259999999997","13392,0","234741,61099999998","114554,609","21638,475","928248,19","711608,906","736892,693","630374,436","85565,89","0,9896666666666666","0,9896666666666666","1,0","0,882","0,882","5,420999999999999","735740,532","8035200,0","42233,939","73832,77","0,0","234741,616","143315,969","928248,2080000001",,,,,,,"0,920880334225633","0,7688151361668099","0,9211083162133918","0,7721154506645066","0,9114756791367982","0,8101890247909199","0,9329973092564601",,"0,9329973092564601",1,1,1,1,1,1
2022-12-01,VARA,"1067,8609999999999","3239852,425","3239852,425","3240920,286","242341,131","9309674,65","1403925,35","10528868,11","197389,02000000002","230242,841","14764,675","17856,0","180970,127","117608,508","13536,573","3223671,509","3136711,316","3127218,086","3095710,567","241130,843","1,0","1,0","1,0","0,99125","0,99125","7,063","3239941,301","10713600,0","197197,549","61013,943","0,0","182639,999","110606,88500000001","3225383,754",,,,,,,"0,9821133212324255","0,949653777043862","0,9821637129944948","0,9497175853086951","0,9899526807048984","0,9827572533975507","0,9890453115141152",,"0,9890453115141152",1,1,1,1,1,1
2022-12-01,VEUL,"8256,881000000001","2220003,2479999997","2220003,2479999997","2228260,129","166500,107","7709130,8","3004469,1999999997","10155648,628","387266,261","164986,628","29044,953999999998","17856,0","153746,101","129288,336","11530,952000000001","1986483,0929999999","1866792,8260000001","2184304,974","2100744,666","148986,08299999998","1,0","1,0","1,0","0,99425","0,99425","7,41725","2220003,2479999997","10713600,0","387266,267","110417,471","0,0","153746,113","16712,203","1986483,097",,,,,,,"0,9530186773709542","0,9457379651075571","0,9531052279265861","0,9458361879543733","0,9509137735215055","0,9479212055704899","0,9523539012536977",,"0,9523539012536977",1,1,1,1,1,1
2022-12-01,VISE,"-1136,056","876569,831","876569,831","875433,7749999999","118904,503","5408361,01","2626838,99","5410948,08","22105,803","31247,212","2431,639","13392,0","360201,69200000004","159922,45799999998","39622,046","1451761,339","1096494,405","1005245,077","851229,201","182175,376","0,767","0,8123333333333335","0,87","0,5713333333333334","0,5713333333333334","6,921666666666667","1112045,004","8035200,0","22105,798000000003","18280,355","0,0","361822,141","258552,12900000002","1451761,346",,,,,,,"0,9226489200381492","0,7649738654655547","0,8632424684713295","0,7348576730991928","0,8389935445816187","0,7422425349794238","0,8309439171442216",,"0,8309439171442216",1,1,1,1,1,1
2022-12-01,VLSQ,"194,334","2979742,581","2979742,581","2979936,915","327771,225","48639007,0","10285793,0","56936702,0","151172,094","274312,235","16628,859","98208,0","125811,62299999999","70023,226","13839,213","2954382,119","2902634,08","2775453,571","2738091,5609999998","324981,599","1,0","1,0","1,0","1,0","1,0","4,047681818181818","2979742,581","58924800,0","151172,094","33231,756","0,0","125868,623","20550,914","2954439,106",,,,,,,"0,9875902365506523","0,9822678761148486","0,9876050392317703","0,9822890274427113","0,9877775232160313","0,9662604200608232","0,9890948972249376",,"0,9890948972249376",1,1,1,1,1,1
2022-12-01,FREY,,,,"2513205,0","123730,65",,,,,,,,,,,,,,,,,,,,,"0,0",,,,,,,,,"2513205,0",,"123730,65","0,9948","0,99687","0,99015",,,,"0,9948",,"0,99015","0,99687",,,1,1,1,1,1,1
2022-12-01,PLOS,,,,"1797826,0","371213,9",,,,,,,,,,,,,,,,,,,,,"0,0",,,,,,,,,"1797826,0",,"371213,9","0,8898","0,9542","0,9421",,,,"0,8898",,"0,9421","0,9542",,,1,1,1,1,1,1
2022-12-01,FAYD,,,,"1499088,0","137076,6",,,,,,,,,,,,,,,,,,,,,"0,0",,,,,,,,,"1499088,0",,"137076,6","0,977","1,0","0,965",,,,"0,977",,"0,965","1,0",,,1,1,1,1,1,1
2022-12-01,JON2,,,,"464645,0","42556,9",,,,,,,,,,,,,,,,,,,,,"7,7",,,,,,,,,"464645,0","7,7","42556,9","0,995","0,99498","0,98371",,,,"0,995",,"0,98371","0,99498",,,1,1,1,1,1,1
2022-12-01,"CPE1, CPE2",,,,"4656381,0","447571,3",,,,,,,,,,,,,,,,,,,,,"0,0",,,,,,,,,"4656381,0",,"447571,3","0,8645","0,9708","0,8694",,,,"0,8645",,"0,8694","0,9708",,,1,1,1,1,1,1
2022-12-01,SALL,,,,"1926716,0","299026,3",,,,,,,,,,,,,,,,,,,,,"0,0",,,,,,,,,"1926716,0",,"299026,3","0,9816","0,9992","0,9922",,,,"0,9816",,"0,9922","0,9992",,,1,1,1,1,1,1
2022-12-01,LEMO,,,,"3229362,0","305562,2",,,,,,,,,,,,,,,,,,,,,"0,0",,,,,,,,,"3229362,0",,"305562,2","0,9999","1,0","0,9962",,,,"0,9999",,"0,9962","1,0",,,1,1,1,1,1,1
2022-12-01,MOTG,,,,"4101483,0","296744,2",,,,,,,,,,,,,,,,,,,,,"0,0",,,,,,,,,"4101483,0",,"296744,2","0,9844","0,9952","0,9975",,,,"0,9844",,"0,9975","0,9952",,,1,1,1,1,1,1
2022-12-01,"COT1, COT2, COT3, COT4",,,,"8435417,0","752173,2",,,,,,,,,,,,,,,,,,,,,"0,0",,,,,,,,,"8435417,0",,"752173,2","0,9652","0,9954","0,866",,,,"0,9652",,"0,866","0,9954",,,1,1,1,1,1,1
2022-12-01,"MAG1, MAG3",,,,"2351781,0","229510,3",,,,,,,,,,,,,,,,,,,,,"0,0",,,,,,,,,"2351781,0",,"229510,3","0,7914","0,7907","0,7901",,,,"0,7914",,"0,7901","0,7907",,,1,1,1,1,1,1
2022-12-01,"DEM1, DEM2",,,,"5857430,0","531268,9",,,,,,,,,,,,,,,,,,,,,"0,0",,,,,,,,,"5857430,0",,"531268,9","0,9968","0,9968","0,9963",,,,"0,9968",,"0,9963","0,9968",,,1,1,1,1,1,1
2022-12-01,PLAT,,,,"1074058,0","198195,8",,,,,,,,,,,,,,,,,,,,,"0,0",,,,,,,,,"1074058,0",,"198195,8","0,945","0,9654","0,9556",,,,"0,945",,"0,9556","0,9654",,,1,1,1,1,1,1
2022-12-01,CLIT,,,,"510264,0","35892,0",,,,,,,,,,,,,,,,,,,,,"8,6",,,,,,,,,"510264,0","8,6","35892,0","0,87662","0,92664","0,92653",,,,"0,87662",,"0,92653","0,92664",,,1,1,1,1,1,1
2022-12-01,MAZU,,,,"2985859,0","267324,0",,,,,,,,,,,,,,,,,,,,,"0,0",,,,,,,,,"2985859,0",,"267324,0","0,9929","0,9997","0,9932",,,,"0,9929",,"0,9932","0,9997",,,1,1,1,1,1,1
2022-12-01,"HAB1, HAB2",,,,"4520408,0","433823,6",,,,,,,,,,,,,,,,,,,,,"6,8",,,,,,,,,"4520408,0","6,8","433823,6","0,9645","0,9907","0,9646",,,,"0,9645",,"0,9646","0,9907",,,1,1,1,1,1,1
2022-12-01,GAR1,,,,"2278920,0","231811,7",,,,,,,,,,,,,,,,,,,,,"7,1",,,,,,,,,"2278920,0","7,1","231811,7","0,9484","0,9901","0,9319",,,,"0,9484",,"0,9319","0,9901",,,1,1,1,1,1,1
2022-12-01,GAR2,,,,"2125403,0","203422,3",,,,,,,,,,,,,,,,,,,,,"6,9",,,,,,,,,"2125403,0","6,9","203422,3","0,9454","0,9519","0,8999",,,,"0,9454",,"0,8999","0,9519",,,1,1,1,1,1,1
2022-12-01,PLES,,,,"2732380,0","261762,0",,,,,,,,,,,,,,,,,,,,,"6,8",,,,,,,,,"2732380,0","6,8","261762,0","0,99228","0,99897","0,99033",,,,"0,99228",,"0,99033","0,99897",,,1,1,1,1,1,1
2022-12-01,"BTS1, BTS2",,,,"4947937,0","473913,4",,,,,,,,,,,,,,,,,,,,,"6,8506",,,,,,,,,"4947937,0","6,8506","473913,4","0,99315","0,9975","0,99126",,,,"0,99315",,"0,99126","0,9975",,,1,1,1,1,1,1
2022-12-01,SBAP,,,,"3797379,0","363674,99",,,,,,,,,,,,,,,,,,,,,"5,721",,,,,,,,,"3797379,0","5,721","363674,99","0,98421","0,99556","0,98382",,,,"0,98421",,"0,98382","0,99556",,,1,1,1,1,1,1
2022-12-01,PLAN,,,,"4997523,0","479012,58",,,,,,,,,,,,,,,,,,,,,"7,2286",,,,,,,,,"4997523,0","7,2286","479012,58","0,99285","0,99839","0,99476",,,,"0,99285",,"0,99476","0,99839",,,1,1,1,1,1,1
